1,2/28/2021,Riva Selwood,unavailable,,Marlin Stockill,20
2,1/11/2023,Haleigh Pancoast,Raphicerus campestris,8/8/2021,Aland Pettisall,14
3,10/27/2021,Faustine Gaitskill,Cordylus giganteus,,Brok Patten,18
4,4/26/2021,Bev Fleckness,Dicrostonyx groenlandicus,3/26/2020,Isador Tace,14
5,10/26/2022,Eve O'Noulane,Spermophilus richardsonii,,Babita Llop,11
6,10/14/2023,Eryn Rollins,Bison bison,7/11/2023,Cherye Nicholl,13
7,3/7/2024,Gaultiero Oldred,Castor canadensis,,Breanne McCaw,16
8,8/23/2021,Gillian Arlt,Taurotagus oryx,9/26/2023,Earvin Burchatt,14
9,8/30/2023,Janet Dangerfield,Cereopsis novaehollandiae,,Sarita Emburey,5
10,12/24/2021,Leonerd Assad,Ara ararauna,,Nikolai Atherton,15
11,1/26/2023,Karola Oddey,Streptopelia senegalensis,7/10/2022,Lucias Nannini,10
12,10/4/2020,Samara Stanley,Bison bison,,Rhys Wildin,9
13,2/25/2021,Alexandr Miquelet,Phascogale calura,,Michaeline Downer,18
14,11/30/2020,Burnaby Habbijam,Branta canadensis,,Brigg Glisane,9
15,12/31/2023,Bess Whewill,Actophilornis africanus,2/15/2021,Rees Welsh,9
16,10/28/2023,Gerek Jimeno,Cygnus buccinator,2/7/2022,Ada Poe,7
17,4/14/2023,Kristyn Warman,Crocodylus niloticus,7/29/2024,Carlyn Gatherell,6
18,11/11/2020,Carl Raubenheimer,Plegadis falcinellus,,Verina Zuan,6
19,4/23/2021,Malcolm Shevelin,Cygnus buccinator,4/30/2020,Ruben Maffia,19
20,8/28/2022,Ree Ofener,Odocoilenaus virginianus,5/3/2020,Daniel Heeks,20
21,6/22/2021,Demetra Gregr,Phalaropus lobatus,,Marj O'Hogertie,6
22,11/4/2023,Gilly Corsham,Petaurus norfolcensis,12/10/2022,Ashley Roseblade,11
23,6/24/2022,Cindra Middup,Smithopsis crassicaudata,11/24/2020,Vaclav Sprigin,10
24,9/21/2022,Oran Lugton,Lamprotornis sp.,1/20/2023,Lindsay Di Meo,8
25,5/20/2022,Bell Styles,Paradoxurus hermaphroditus,5/22/2023,Claudine Laphorn,12
26,3/1/2024,Marcelline Pere,Pelecans onocratalus,7/31/2022,Kimmy Perkis,17
27,9/28/2020,Thatcher McNeilley,Rana sp.,11/6/2023,Karlyn Swyer-Sexey,19
28,11/8/2022,Doloritas Chaston,Phalacrocorax niger,3/27/2024,Paula Peplay,14
29,8/22/2022,Thekla Coulston,Papio ursinus,6/22/2022,Dannie Pechold,5
30,12/19/2021,Buiron Cattel,Paradoxurus hermaphroditus,3/5/2025,Sean Gillies,14
31,2/17/2021,Hillier Scole,Alouatta seniculus,3/10/2022,Ava O'Beirne,11
32,3/14/2020,Kingston Coll,Anthropoides paradisea,5/1/2023,Missie Graveson,9
33,2/6/2023,Goldi Verner,Paraxerus cepapi,12/14/2020,Viola Southern,17
34,11/7/2021,Paige Cherryman,Rhea americana,3/19/2022,Maddy Gillam,19
35,11/17/2022,Lynna Falconar,Cynomys ludovicianus,10/23/2022,Alleen Brognot,11
36,7/31/2022,Phillipe Paskin,Hippopotamus amphibius,,Hertha Ianne,13
37,2/13/2022,Benedict Lacroux,Melanerpes erythrocephalus,,Kellby Sutton,6
38,5/31/2020,Cornell Hansemann,Eudyptula minor,4/25/2023,Staffard Rosedale,7
39,5/23/2020,Evelyn Ivushkin,Dusicyon thous,4/10/2024,Twyla Venneur,19
40,9/22/2020,Burch Hanrahan,Caiman crocodilus,3/2/2025,Hermine Postan,20
41,1/26/2021,Farris Juschke,Pteronura brasiliensis,,Serena Gillogley,11
42,7/21/2023,Maitilde Langstone,Halcyon smyrnesis,11/7/2022,Stafford Somerville,9
43,2/1/2024,Chrisse Hordell,Ploceus intermedius,3/4/2024,Delcina Kensley,14
44,1/23/2023,Alene Dunstone,Vanellus chilensis,9/4/2022,Waylan Giottini,9
45,3/27/2023,Cassaundra Dies,Bucephala clangula,4/26/2024,Griffy Schimke,16
46,9/9/2021,Kriste De Leek,Eurocephalus anguitimens,6/13/2022,Kile Tummond,15
47,6/24/2022,Rafaello Huxter,Neophron percnopterus,,Iosep Agates,12
48,9/1/2023,Jeanette Wrefford,Panthera pardus,,Laryssa Garvan,5
49,1/27/2023,Roxanne Lendon,Eutamias minimus,1/22/2023,Raven Bearblock,11
50,10/20/2022,Sarina Schulter,Dasyurus viverrinus,3/9/2022,Nannie Mallaby,19
51,3/3/2022,Hi Dumphreys,Papio cynocephalus,6/7/2022,Nickie Lovel,15
52,3/3/2022,Imelda Machent,Sarcophilus harrisii,2/19/2023,Germayne Obbard,17
53,9/2/2023,Jae Rivlin,Ara chloroptera,9/23/2023,Bernice Hinz,12
54,3/17/2023,Daniela Dibsdale,Dipodomys deserti,1/22/2023,Dana Segot,18
55,1/2/2021,Jeanine Cordeau,Plegadis falcinellus,,Falito O'Rourke,9
56,8/7/2023,Etty Attewell,Varanus sp.,,Gilberta Kerslake,5
57,5/11/2021,Evelin Heersma,Egretta thula,9/4/2020,Onofredo Healy,8
58,6/7/2020,Cully Wyvill,Oxybelis fulgidus,10/17/2020,Papageno Glusby,14
59,3/27/2020,Randall Dutt,Paraxerus cepapi,8/7/2024,Ralf Hardaker,19
60,3/21/2020,Layla Paik,Macaca mulatta,,Blisse Safe,11
61,7/17/2021,Stephenie Shmyr,Tamandua tetradactyla,1/3/2021,Westley Reglar,18
62,8/23/2020,Veriee Phippard,Canis lupus lycaon,8/17/2022,Letizia Wadelin,7
63,12/9/2023,Ellyn Farlam,Eumetopias jubatus,11/14/2023,Zelda Jiricka,11
64,10/27/2022,Weston Burns,Acanthaster planci,2/24/2024,Hynda Chalmers,8
65,12/15/2023,Yank Reeson,Bassariscus astutus,4/24/2022,Reine Radmore,17
66,6/21/2023,Dannie Loughan,Cochlearius cochlearius,8/26/2023,Elroy Edgecumbe,13
67,3/19/2021,Rip Henlon,Naja nivea,2/17/2025,Roseline Pecha,10
68,8/8/2021,Ambur Gerretsen,Tursiops truncatus,2/29/2024,Stirling Castaner,10
69,1/24/2024,Granthem D'Hooge,Hystrix indica,8/10/2020,Roanne Wittman,11
70,5/30/2021,Danice Lisle,Spermophilus richardsonii,10/21/2024,Nanny Hardi,9
71,7/14/2021,Mimi Boulding,Pytilia melba,10/31/2022,Ramsay Childerhouse,19
72,3/7/2021,Konrad Cristofanini,Mungos mungo,9/21/2020,Leo Walkington,13
73,4/5/2023,Jeanna Di Carli,Coracias caudata,8/30/2020,Edith Philippe,10
74,10/9/2022,Bay Pedrollo,Macaca fuscata,3/6/2023,Ginnifer Trayford,6
75,6/14/2023,Bjorn Pickford,Zalophus californicus,8/13/2024,Cesare Grigoletti,14
76,11/2/2020,Zena Caddies,Butorides striatus,9/6/2023,Ferris Gorring,7
77,10/3/2020,Roxi Ricket,Odocoileus hemionus,3/1/2023,Edan Cicullo,12
78,1/13/2023,Stephana Mooring,Spermophilus richardsonii,3/29/2023,Augusto How,8
79,7/25/2023,Christophorus Willans,Equus burchelli,3/9/2024,Terrence Maudling,9
80,2/19/2023,Conroy Fibbings,Cracticus nigroagularis,5/8/2024,Tab Simony,13
81,3/17/2022,Grady Slym,Lophoaetus occipitalis,,Balduin cornhill,16
82,6/8/2023,Kingsly Moncey,Otocyon megalotis,8/31/2021,Winne Klaus,8
83,6/14/2022,Janelle Ovize,Eudyptula minor,5/2/2021,Emmalyn Boneham,20
84,11/11/2021,Reinwald Brocks,Oryx gazella,2/20/2025,Nissa Fennick,16
85,6/28/2022,Britt Wigglesworth,unavailable,1/5/2025,Barclay Perrington,8
86,12/1/2023,Kimble Corsham,Pycnonotus nigricans,7/27/2021,Tait Newall,15
87,10/17/2022,Electra Picott,Agouti paca,3/13/2023,Cybil McGirl,6
88,5/16/2022,Parker Kevern,Haliaeetus leucocephalus,9/18/2022,Mack Swateridge,5
89,9/10/2022,Elvin Blasio,Creagrus furcatus,,Fayina Stancer,17
90,10/12/2022,Dagny Housley,Canis aureus,,Dana Gerrels,12
91,6/4/2021,Elli Weekes,Oxybelis fulgidus,7/26/2022,Amelia Sonschein,13
92,10/15/2023,Webb Wragg,Canis aureus,6/22/2022,Kora Lodge,16
93,6/27/2022,Lyn Bramford,Mephitis mephitis,12/29/2021,Estell Briereton,14
94,10/6/2022,Sonnie Summerscales,Epicrates cenchria maurus,9/5/2023,Evvy Bauchop,9
95,10/8/2020,Frankie O'Lennachain,Macropus agilis,8/25/2024,Muhammad Engley,18
96,3/14/2022,Lillis Brockelsby,Alopex lagopus,2/10/2021,Arte Stark,20
97,12/20/2020,Wilmar Rotge,Mungos mungo,12/28/2021,Henry Lenchenko,13
98,6/22/2023,Rolph Prestney,Hippotragus niger,6/18/2022,Benjy Killik,13
99,11/22/2020,Conroy Quadrio,Isoodon obesulus,3/24/2021,Tandi Bilsborrow,13
100,12/26/2022,Nels Bradford,Bucephala clangula,6/30/2022,Row Guiducci,16
101,3/18/2020,Carrol Leatherbarrow,Acanthaster planci,11/23/2022,Vernen Kinnon,6
102,1/2/2024,Katrine Gainforth,Corvus albus,,Welsh Haquard,18
103,11/1/2023,Quintus Mathevon,Lamprotornis sp.,6/27/2024,Julie MacCulloch,18
104,3/12/2023,Bentlee Weildish,Panthera onca,1/24/2024,Davide Kording,10
105,1/24/2023,Stern Powdrill,Bassariscus astutus,9/29/2023,Tore Hovee,13
106,2/6/2022,Andrus Tully,Macropus rufus,10/8/2021,Jessi Kollaschek,20
107,9/5/2020,Darleen Lung,Propithecus verreauxi,5/6/2022,Merna Ratchford,13
108,10/12/2020,Cyndy Beardsell,Cereopsis novaehollandiae,5/18/2022,Cele Marrow,13
109,11/16/2020,Bartel Woolager,Paraxerus cepapi,1/21/2021,Laverne Dougharty,17
110,6/5/2022,Paulina Halso,Tockus erythrorhyncus,9/17/2020,Kayle Tommasetti,12
111,6/29/2022,Abbie Trundler,Bison bison,,Iver Ship,6
112,3/23/2021,Wanids Boscott,Chionis alba,4/24/2021,Hyatt Pryell,17
113,12/8/2022,Aryn Clulow,Phacochoerus aethiopus,5/19/2022,Corly Teal,16
114,11/24/2020,Caryl Love,Coluber constrictor,6/1/2020,Ellene Bernuzzi,9
115,12/7/2020,Constancia Fibbens,Phalacrocorax carbo,,Eilis Halliburton,15
116,7/5/2022,Abbi Leah,Castor canadensis,11/19/2024,Panchito Lombardo,12
117,6/1/2022,Odille Jann,Bucephala clangula,,Matti McCrae,10
118,7/16/2022,Terencio Poston,Colaptes campestroides,6/7/2021,Danny Barrow,18
119,6/11/2020,Glad Bentjens,Pelecans onocratalus,,Lissa Benallack,7
120,10/1/2023,Madella Gillon,Papio cynocephalus,11/19/2022,Karlan Wrathmall,9
121,10/16/2020,Malina Romanetti,Diomedea irrorata,9/13/2022,Hewett Cracker,16
122,2/12/2023,Elva Ewdale,Colaptes campestroides,,Cleve Sheran,18
123,8/1/2023,Anjela Stirland,Cynictis penicillata,7/4/2024,Marietta Norvel,12
124,11/11/2022,Hermie Seager,Pteronura brasiliensis,10/29/2020,Stephannie Fricker,18
125,4/27/2023,Pierrette Odgers,Oryx gazella callotis,,Donna Noods,15
126,3/27/2023,Portie Schoroder,Recurvirostra avosetta,,Carita Thewlis,11
127,5/1/2022,Alikee Greenhouse,Phasianus colchicus,,Aviva Coleby,5
128,2/9/2023,Ferd Pasek,Francolinus leucoscepus,10/27/2021,Maybelle Goadbie,9
129,11/25/2021,Kimble Ferrer,Sitta canadensis,4/7/2023,Les Tisun,6
130,2/7/2022,Lindsy MacCaig,Butorides striatus,3/24/2020,Karin Whiteway,5
131,3/1/2022,Ralina Raincin,Marmota caligata,4/4/2023,Gavra Sparshett,17
132,8/13/2021,Cissiee Izkovici,Alcelaphus buselaphus caama,11/19/2022,Roxane Pimblotte,11
133,1/26/2023,Smith Speedy,Tayassu pecari,9/18/2022,Halli Petera,18
134,10/15/2023,Gale Fancy,Carduelis pinus,2/4/2025,Elysee Makin,16
135,1/3/2021,Emilio Davage,Odocoilenaus virginianus,,Kyle Trahmel,11
136,3/21/2022,Aurelea Starbuck,Haematopus ater,,Jillane Simeoli,16
137,9/9/2020,Nora Everley,Phoeniconaias minor,8/17/2024,Lauren Van Oord,9
138,7/3/2022,Cristabel McLafferty,Felis rufus,5/28/2020,Stephen Crank,6
139,11/1/2020,Dotti West-Frimley,unavailable,1/26/2024,Sterling MacGorman,8
140,12/14/2023,Arley Furber,Cebus nigrivittatus,1/18/2024,Nelia Hildrew,8
141,11/12/2021,Maribeth Roller,Haliaetus vocifer,1/7/2024,Judas Grishanin,14
142,11/25/2023,Manda Kennermann,Cacatua tenuirostris,,Natale Carles,12
143,10/13/2020,Ezekiel Parnell,Genetta genetta,9/4/2020,Anastasia Heinke,10
144,1/2/2021,Gregg Ragles,Equus burchelli,6/23/2023,Terri Pymar,16
145,9/9/2023,Evonne Maseres,unavailable,,Verine Laver,13
146,5/29/2020,Jacquenetta Ker,Passer domesticus,7/5/2022,Shawn Scrowton,11
147,11/12/2023,Irita Jackes,Taxidea taxus,2/11/2022,Harcourt Tyndall,8
148,2/19/2023,Gayel Eastcott,Trichosurus vulpecula,9/11/2024,Rodolph Momford,10
149,11/10/2023,Tybalt Spritt,Varanus sp.,10/28/2024,Read Tomaskov,7
150,12/22/2020,Nani Totton,Panthera pardus,7/30/2024,Conni de Courcey,14
151,4/21/2022,Dill Eathorne,Falco peregrinus,,Lexie Bridges,16
152,12/18/2022,Rossie Pantin,Coracias caudata,5/17/2020,Bab Davson,14
153,7/21/2023,Andrej Lukasen,Haliaeetus leucocephalus,12/24/2021,Terrell Vedenyapin,11
154,4/2/2020,Isabella Acum,Butorides striatus,11/27/2022,Tally Ismead,5
155,1/22/2023,Zsazsa Winfindale,Petaurus norfolcensis,2/2/2023,Dasie Lovatt,13
156,4/3/2021,Theo Cradduck,Capreolus capreolus,8/25/2020,Trista Critzen,20
157,9/8/2022,Itch Wynrahame,Alopex lagopus,,Tobias Gricks,5
158,12/20/2022,Vi Franklyn,Alouatta seniculus,4/13/2021,Jorge Petigrew,6
159,11/23/2021,Keven Jarrelt,Actophilornis africanus,9/14/2020,Ash Petts,16
160,9/27/2022,Lorne Hansill,Boa caninus,6/28/2024,Dalila Dight,12
161,4/23/2020,Florella Pisculli,Salvadora hexalepis,4/6/2020,Alverta Shotboult,16
162,1/9/2023,Torrin McDermid,Ninox superciliaris,7/25/2024,Norine Wheldon,5
163,8/14/2021,Corina Higgan,Lemur catta,8/19/2021,Will Munroe,10
164,10/14/2022,Carlen Rafferty,Cebus albifrons,,Celinka Sawell,11
165,3/29/2021,Sylas Whyman,Manouria emys,1/14/2023,Erie Burle,15
166,2/5/2023,Gerard McNish,Estrilda erythronotos,5/17/2023,Bellina Ogborn,17
167,9/18/2021,Reinhard Pizzie,Climacteris melanura,3/29/2024,Rriocard Keveren,19
168,8/10/2022,Tye Burkill,Phalacrocorax carbo,5/23/2022,Bartlet Elgy,15
169,9/7/2022,Silvan Hamlington,Lamprotornis nitens,,Halli Graith,15
170,4/17/2022,Johny Colquite,Lepus townsendii,3/12/2023,Adrianne Muff,14
171,10/22/2022,Tyson Pawlaczyk,Pseudalopex gymnocercus,1/22/2023,Eldin Fetherstan,6
172,5/19/2021,Goraud Piris,Rhabdomys pumilio,1/8/2023,Ad Guiot,14
173,3/1/2024,Tades Cunio,Zenaida galapagoensis,5/12/2023,Biddie Copson,10
174,12/23/2022,Birk Scarsbrook,Streptopelia decipiens,11/4/2021,Zena Gervaise,20
175,3/23/2020,Berte Flaxon,Ursus americanus,7/17/2024,Emilee Baxster,18
176,12/14/2021,Marylee Darthe,Tachyglossus aculeatus,6/17/2020,Fayth Tabb,8
177,12/31/2021,Boycey Carney,Colaptes campestroides,,Perren Stroder,19
178,8/18/2020,Giselle Redmille,unavailable,,Waverly Beel,5
179,11/14/2021,Violet Muttock,Varanus sp.,5/26/2022,Abrahan MacGee,6
180,6/24/2021,Jocelyne Burthom,Climacteris melanura,8/11/2023,Hansiain Balden,16
181,3/17/2022,Rhys Corbett,Columba livia,,Idalina Greenland,20
182,2/28/2023,Nicko Greves,Ratufa indica,9/18/2023,Cicely Gimblet,6
183,10/1/2023,Megan Grundy,Oreotragus oreotragus,,Federica Hanburry,9
184,4/13/2023,Zarla Dyka,Motacilla aguimp,1/7/2024,Byron Creyke,5
185,3/29/2023,Rhett Ghidelli,Hyaena brunnea,5/4/2021,Caz Spendlove,13
186,4/4/2022,Tiebold Willoughway,Lamprotornis sp.,8/8/2023,Dean Molohan,14
187,12/12/2022,Stevana Ingledow,Neotis denhami,8/11/2021,Reiko Sparkes,19
188,3/11/2023,Merralee Ruskin,Ramphastos tucanus,2/6/2021,Fielding Dineen,11
189,12/5/2023,Antoni Govett,Pan troglodytes,,Fairleigh Musker,14
190,5/27/2023,Livvie Sewley,Buteo jamaicensis,,Lissie Tregenna,8
191,4/6/2021,Penelope Comben,Camelus dromedarius,8/16/2022,Abbot McFetrich,14
192,4/28/2023,Terence Hastwell,Bucorvus leadbeateri,12/14/2020,Melicent Priddle,14
193,2/6/2022,Nissa Stocks,Ciconia ciconia,4/2/2023,Charlene Bundy,6
194,11/13/2021,Robert Balentyne,Marmota flaviventris,7/17/2023,Griz Chichgar,6
195,7/25/2022,Page Shieber,Globicephala melas,2/6/2022,Jerrome Bangley,9
196,10/19/2023,Marrilee Tomaszkiewicz,Bubalus arnee,4/7/2022,Jasmine Shipperbottom,7
197,8/30/2022,Basil Plait,Mellivora capensis,11/22/2022,Tuckie Varley,14
198,6/3/2022,Clementia De Mattia,Streptopelia senegalensis,11/18/2024,Rudy Orum,16
199,9/26/2023,Nate Daubney,Bettongia penicillata,1/15/2022,Osmund Kintzel,5
200,4/26/2020,Lena Pounds,Spermophilus lateralis,,Arluene Leppington,17
201,8/28/2021,Marianne Bosanko,Tamiasciurus hudsonicus,4/12/2021,Rois Gunney,20
202,3/31/2021,Arnuad Benza,Oreamnos americanus,5/6/2020,Amil Ionesco,17
203,8/5/2021,Chrysa Crowcher,Corallus hortulanus cooki,,Price McCumskay,18
204,2/10/2023,Kaycee Lockyer,Erethizon dorsatum,11/9/2021,Kellen Enefer,18
205,2/24/2023,Nannette Parmeter,Geochelone elegans,12/7/2020,Rafe MacSkeagan,15
206,2/5/2022,Willow Hulkes,Ovis ammon,7/4/2023,Claudelle Headings,10
207,7/28/2022,Julieta Formigli,Colobus guerza,10/28/2023,Silas Virgo,13
208,8/16/2020,Sydney Treher,Erethizon dorsatum,11/25/2023,Caspar Town,8
209,5/5/2022,Thomasina Edwicke,Varanus salvator,10/10/2021,Sybilla Goodanew,19
210,12/6/2020,Bonita Calafate,Dasypus novemcinctus,7/31/2024,Kalvin Kenrack,18
211,4/26/2020,Hermy Ivatts,Bucorvus leadbeateri,5/7/2023,Geri Oehm,6
212,3/29/2023,Blisse Keford,unavailable,,Camilla Plessing,12
213,1/20/2023,Maxi Soigoux,Amphibolurus barbatus,,Morly Bodker,12
214,6/15/2021,Antons Couttes,Pandon haliaetus,9/18/2021,Stefan Goosnell,12
215,1/8/2024,Katalin Hailey,Trichoglossus chlorolepidotus,1/21/2024,Siobhan Sturzaker,8
216,3/14/2020,Astrix Gethins,Paraxerus cepapi,5/26/2024,Kacie Servante,12
217,5/3/2023,Ethe Blackesland,Phalacrocorax varius,,Alastair Scoffham,19
218,8/11/2020,Farley Larrad,Galictis vittata,4/26/2021,Ardis Wonfor,13
219,2/26/2022,Raddie Maykin,Varanus salvator,,Launce Pickett,11
220,11/26/2023,Rustie Tothe,Rhea americana,9/25/2021,Lauren Vallow,6
221,5/17/2023,Ariella Witherington,Merops sp.,,Brig Amer,16
222,11/19/2020,Lind Bettlestone,Pavo cristatus,12/24/2023,Margalo Extance,6
223,7/21/2021,Sharl Bosher,Kobus defassa,3/13/2023,Trudy Mahody,15
224,12/10/2023,Melodee Tindall,unavailable,,Rici Fairlie,10
225,10/8/2023,Griffin Eich,Tringa glareola,8/18/2020,Avigdor Guerrier,6
226,6/3/2021,Selena Jerrams,Panthera tigris,12/17/2024,Dani Lynock,7
227,3/27/2022,Eugene Imason,Varanus sp.,10/27/2020,Griffin Owttrim,10
228,9/22/2020,Amandie Juanes,Dendrohyrax brucel,1/16/2021,Aleda Klimpke,10
229,10/31/2022,Quintin Arno,Charadrius tricollaris,10/15/2023,Duane Skinn,6
230,12/8/2022,Cesar Rablen,Diceros bicornis,4/11/2020,Noak Laden,7
231,1/8/2021,Eula Speares,Corythornis cristata,,Damiano Bennellick,18
232,8/22/2020,Ingelbert Hunting,Nesomimus trifasciatus,7/5/2024,Barbra Sellors,12
233,2/8/2022,Farleigh McLaggan,Fregata magnificans,1/14/2025,Atlanta Camocke,10
234,4/24/2020,Diane Conechie,Dasyurus viverrinus,,Kizzie Sterry,6
235,7/30/2023,Traci Gilardengo,Cygnus atratus,3/27/2024,Dorotea Butcher,17
236,5/26/2021,Dotty Cureton,Isoodon obesulus,12/29/2022,Nikkie Littlepage,5
237,8/17/2020,Xylina Moyes,Orcinus orca,,Derick Renton,6
238,6/5/2021,Anabelle Fillgate,Bettongia penicillata,,Todd Giddins,12
239,2/8/2021,Alfie Kilbane,Ictonyx striatus,2/15/2023,Oates Lowy,12
240,10/22/2023,Alonzo Caulwell,Canis dingo,10/19/2020,Emery Bennie,11
241,12/21/2022,Glad Downie,Agelaius phoeniceus,10/10/2023,Irwin Estevez,18
242,11/7/2022,Man Lartice,Cynictis penicillata,9/6/2024,Johnathan Le Provest,18
243,4/28/2021,Buiron Essery,Anas bahamensis,3/14/2020,Natalya Runcieman,10
244,1/11/2023,Ilene Prigg,Kobus leche robertsi,11/2/2021,Winfield Traves,6
245,2/12/2023,Mayne Jedrasik,Mabuya spilogaster,3/21/2023,Joleen Ducarel,9
246,12/2/2021,Roxine O'Geaney,Bos mutus,4/1/2023,Dunc Trevenu,9
247,10/6/2020,Dugald Gidley,Aegypius occipitalis,12/1/2020,Gayleen Ludy,19
248,8/26/2020,Sada Stedell,Phoenicopterus ruber,7/6/2020,Maxie Guilaem,9
249,7/26/2023,Ruggiero Maleney,unavailable,4/4/2020,Ker Mikalski,11
250,12/18/2022,Denice Faiers,Pitangus sulphuratus,4/21/2023,Estella Oakinfold,5
251,5/11/2022,Arte Rudman,Lepilemur rufescens,1/27/2025,Timothea Ascraft,20
252,7/10/2023,Chicky Finder,Phaethon aethereus,11/19/2021,Wilma Crudge,9
253,10/6/2022,Dona Hurling,Oryx gazella callotis,2/14/2021,Monah Andreix,15
254,3/9/2022,Arvy Philips,Colaptes campestroides,7/20/2024,Romain Steddall,5
255,11/19/2022,Oona Haily,Buteo jamaicensis,7/7/2023,Corabel Dymidowicz,13
256,8/21/2023,Vivia Rowney,Uraeginthus angolensis,9/17/2024,Marla Alderwick,12
257,4/9/2023,Kassandra Mousley,Irania gutteralis,8/4/2022,Glenn O'Hengerty,16
258,1/15/2021,Eugene Elsworth,Damaliscus lunatus,5/3/2020,Claudelle Janks,9
259,2/16/2021,Wilmar Jacklin,Amblyrhynchus cristatus,1/3/2021,Nettie Raft,10
260,1/24/2022,Bernetta Waylett,Tragelaphus scriptus,3/21/2024,Shina Mattek,17
261,6/4/2022,Klarrisa Gallaher,Nasua narica,11/3/2024,Lucienne McKnish,7
262,4/5/2021,Edan Pettko,Spermophilus tridecemlineatus,,Derril Culbert,17
263,11/1/2021,Doralyn Le Breton,Macropus agilis,3/1/2025,Otho O'Concannon,18
264,7/23/2021,Maurise Tropman,Choriotis kori,5/14/2024,Vicky Bussel,13
265,3/17/2022,Gwendolen Boolsen,Streptopelia decipiens,5/28/2021,Timmie Pigny,16
266,12/8/2020,Merry Wimes,Bubalornis niger,12/5/2023,Elisha Elsey,6
267,12/12/2020,Bernie Pikett,Eubalaena australis,6/11/2023,Elizabeth Blakeway,7
268,11/25/2020,Evonne Allanson,Tockus erythrorhyncus,10/16/2022,Julia Mackrill,10
269,10/13/2023,Coreen Kynvin,Gazella thompsonii,7/30/2020,Wiley Veitch,5
270,2/9/2021,Gaile Domenichini,Xerus sp.,11/16/2022,Kerrin McKnish,19
271,5/17/2022,Oralee Mohammed,Aegypius occipitalis,10/30/2021,Jobie Spurrier,7
272,12/30/2020,Tess Chmiel,Didelphis virginiana,8/31/2020,Augustine Elderfield,17
273,7/12/2021,Adelaida Newlove,Anthropoides paradisea,6/12/2023,Derry Berard,6
274,5/12/2022,Julee Brosini,Bison bison,5/16/2023,Fairlie O'Hear,15
275,8/5/2020,Corrine Merit,Nyctea scandiaca,6/18/2021,Carlene Bodesson,12
276,5/28/2023,Koralle Oxtaby,Salvadora hexalepis,10/31/2024,Charis Lemoir,12
277,9/18/2022,Lavena Scotchford,Echimys chrysurus,,Mady Faulks,20
278,9/18/2020,Erminia Kalisch,Canis lupus baileyi,6/30/2020,Cherice Wilcocks,7
279,3/25/2022,Dory Pearsey,Felis wiedi or Leopardus weidi,5/14/2023,Conant Vanne,14
280,8/19/2023,Rana Heffernan,Ratufa indica,10/10/2020,Reamonn Prinne,14
281,5/5/2022,Brodie Bourthouloume,Nesomimus trifasciatus,12/28/2022,Linn Prujean,16
282,5/15/2021,Carlen Wenger,Galago crassicaudataus,1/5/2022,Tobit Daldry,16
283,9/27/2023,Sullivan Bielefeld,Crotaphytus collaris,,Haley Dakin,9
284,5/4/2023,Leigh Werrett,Anastomus oscitans,1/14/2021,Zondra Piele,15
285,7/15/2023,Val Brammer,Mustela nigripes,4/28/2021,Harley Proschek,19
286,10/23/2020,Josy Cutmere,Leptoptilus dubius,1/3/2024,Margarita Cullingford,18
287,12/16/2022,Gilburt Samme,Vulpes vulpes,,Carroll Barcke,7
288,8/7/2022,Lorrin Bartlet,Cereopsis novaehollandiae,3/14/2022,Adorne Bibbie,19
289,7/12/2022,Lucretia Bernadzki,Anser caerulescens,,Davon Ronnay,10
290,1/20/2021,Whitney Tottman,Mustela nigripes,8/11/2022,Flynn Simmonett,10
291,6/20/2020,Jessalin Coulbeck,Phascogale calura,9/22/2023,Papageno Giovannazzi,8
292,9/26/2021,Johnath Storer,Hystrix indica,3/6/2021,Farlee Loughan,10
293,9/30/2023,Emlynn Screech,Streptopelia senegalensis,12/12/2022,Johannes Minnis,16
294,7/31/2021,Parry Gorrie,Macaca mulatta,,Lovell Hatfield,18
295,9/20/2020,Pip Schimoni,Felis yagouaroundi,12/7/2021,Eugenia Cadwallader,10
296,1/23/2024,Roxane Seely,Cochlearius cochlearius,7/17/2021,Lenard O'Keevan,17
297,11/15/2023,Pauli Slot,Semnopithecus entellus,,Mildrid Bour,9
298,6/20/2021,Ardyce Kennedy,Capreolus capreolus,11/12/2020,Korella Greatrakes,16
299,5/24/2020,Tammie Giovannilli,Pseudocheirus peregrinus,8/28/2020,Marcia Shwalbe,8
300,4/5/2021,Giraldo Coutts,Sarcorhamphus papa,4/5/2024,Joete Culbard,12
301,7/27/2021,Andie Seeking,Nesomimus trifasciatus,11/8/2022,Cymbre Rennenbach,9
302,9/12/2020,Myrah Cobden,Bubalus arnee,4/19/2020,Berna Sandison,16
303,7/9/2021,Idalina Breeder,Hystrix indica,6/27/2022,Guillema Seally,20
304,5/11/2023,Alric Pallister,Nasua narica,6/30/2020,Kikelia Paolinelli,20
305,4/14/2023,Marla Corballis,Francolinus leucoscepus,2/24/2025,Rea Placidi,14
306,5/22/2021,Agace Wigfield,Paradoxurus hermaphroditus,,Zelma Cracoe,9
307,1/30/2024,Winni Ruusa,Colobus guerza,,Stace Creed,18
308,10/25/2020,Delano Humes,Mirounga angustirostris,2/16/2021,Junie Danser,11
309,9/5/2020,Clarinda Hanselmann,Bettongia penicillata,5/6/2024,Sunny Koubek,5
310,9/30/2020,Davon O'Dulchonta,Coendou prehensilis,12/6/2023,Benni Pandya,15
311,7/20/2020,Giusto Borer,Francolinus coqui,,Spencer Tidman,6
312,5/4/2021,Christye Cella,Lama guanicoe,10/19/2022,Lewes Aldie,15
313,6/15/2023,Ruben Jezard,Phasianus colchicus,,Roseanne Tavernor,12
314,8/1/2023,Garwood Donnison,Corallus hortulanus cooki,,Yvonne Shortan,6
315,7/15/2023,Reece Jentin,Cyrtodactylus louisiadensis,6/13/2022,Lizette Rattery,7
316,1/14/2022,Julina Beadel,Sarkidornis melanotos,9/20/2020,Lilia Dummett,9
317,12/13/2022,Malvina Yes,Cervus duvauceli,2/6/2024,Vasili Petz,8
318,8/28/2021,Trula Ahlin,Meles meles,,Fancie Yurkevich,19
319,7/2/2021,Domenic Wealleans,Cordylus giganteus,,Zacherie Roofe,20
320,6/21/2023,Penelopa Westgarth,Platalea leucordia,8/13/2020,Geoffry Chant,13
321,2/11/2023,Kaycee Joesbury,Rhabdomys pumilio,8/24/2023,Kerk Figg,15
322,1/25/2024,Bryant Elias,Tachyglossus aculeatus,6/24/2022,Claudetta Wadeling,12
323,2/1/2022,Virgilio Ruxton,Merops nubicus,,Peggi Wheeldon,13
324,2/5/2023,Eddy Klulik,Haliaeetus leucoryphus,7/14/2023,Linoel Kristof,11
325,1/21/2023,Lorene Tune,Sarkidornis melanotos,2/4/2025,Raphaela Gerlack,18
326,5/13/2022,Pennie Grass,Psophia viridis,4/30/2023,Henderson Olner,6
327,7/11/2023,Claudell Craske,Madoqua kirkii,,Ari Ponsford,13
328,7/9/2022,Winny Monksfield,Alcelaphus buselaphus cokii,5/31/2021,Otha Wellstood,18
329,11/29/2023,Karney Tomasi,Iguana iguana,,Reece Frotton,7
330,12/21/2020,Way Varian,Myotis lucifugus,6/11/2023,Annette Wegener,18
331,7/9/2021,Nigel Lancett,Equus burchelli,,Reeva Gniewosz,9
332,3/15/2023,Violetta Mainwaring,Centrocercus urophasianus,8/15/2020,Elisha Waddoups,14
333,11/14/2021,Massimo Zapata,Sula dactylatra,8/12/2022,Angel Stalf,5
334,10/1/2022,Adan Farnfield,Felis silvestris lybica,8/27/2023,Madelaine Bridge,12
335,1/7/2024,Audrye Togwell,Eumetopias jubatus,4/4/2020,Jorry Ledekker,20
336,5/8/2021,Toni Cappineer,Varanus komodensis,7/18/2023,Hardy Kenforth,14
337,3/29/2021,Konrad Aseef,Coluber constrictor foxii,,Dorolice Bidgod,19
338,9/3/2020,Sharai Cunnane,Coluber constrictor,12/5/2023,Kristofor Plows,6
339,6/8/2022,Blinny Parlet,Balearica pavonina,7/22/2023,Ivie Mapham,9
340,6/3/2023,Ora Rawlinson,Bison bison,6/8/2022,Kristel Dyche,5
341,7/16/2020,Alma Officer,Sarkidornis melanotos,2/22/2025,Aland Clougher,16
342,5/6/2023,Sophia Zipsell,Cygnus atratus,8/23/2023,Jewell Cumo,17
343,4/15/2022,Orton Lamar,Butorides striatus,,Zebulon Romain,12
344,5/17/2021,Florinda Pepineaux,Sarkidornis melanotos,,Moria Wallach,15
345,11/21/2023,Marci Laundon,Alouatta seniculus,9/25/2023,Wilt Goldman,18
346,5/19/2020,Roley Edworthie,Pelecans onocratalus,3/25/2021,Hansiain Adie,19
347,4/19/2023,Floria Melby,Bubalus arnee,,Chaddie McCrackem,10
348,1/17/2022,Lilah Lukasik,Phascolarctos cinereus,5/10/2021,Tiffie Foulkes,6
349,10/14/2020,Gordon Alyoshin,Acinynox jubatus,12/31/2023,Thaddus Hillhouse,9
350,5/12/2023,Janean Hucke,Haliaeetus leucocephalus,,Caressa Licciardo,18
351,8/15/2022,Bastian Broske,Naja nivea,4/8/2020,Naoma Rafe,11
352,2/14/2021,Woodie Pellamonuten,Dendrocygna viduata,5/11/2020,Carrie Gilliver,15
353,2/5/2021,Yardley Reason,Diomedea irrorata,9/11/2021,Dylan Dionisetto,9
354,1/15/2021,Sly Scothern,Gekko gecko,,Fidelia Blincoe,5
355,11/15/2021,Orson Sabey,Galago crassicaudataus,11/10/2020,Laney Conachie,12
356,5/13/2021,Catherine Kidson,Phascogale calura,10/21/2022,Issie Burmingham,5
357,2/17/2023,Kaine Theobold,Haematopus ater,2/9/2022,Tallulah Crunkhorn,6
358,8/5/2023,Rosalie Cesaric,Charadrius tricollaris,,Trudi Meaders,13
359,2/12/2021,Felicio Lucey,Nycticorax nycticorax,7/31/2021,Brnaba Mushawe,6
360,8/17/2023,Sapphire Reichhardt,unavailable,,Arlana Gecke,13
361,7/4/2021,Anitra Guthrie,Streptopelia senegalensis,7/31/2023,Ginnie Francomb,16
362,7/17/2020,Elvira Vivash,Mirounga leonina,12/28/2022,Maurizio Yell,15
363,12/2/2021,Jill Lyste,Tragelaphus strepsiceros,8/12/2021,Tiffy Woollcott,10
364,6/15/2023,Derk Jeacocke,Coluber constrictor,,Hayward Beaver,5
365,12/2/2023,Linnie Boskell,Vulpes cinereoargenteus,5/16/2024,Charlena Rissen,17
366,12/1/2022,Brandice Roget,Nannopterum harrisi,1/15/2023,Adelice Waud,19
367,8/28/2023,Lowrance Knibley,Physignathus cocincinus,12/23/2024,Alexi Ubee,20
368,7/11/2020,Barby Tallboy,Dicrostonyx groenlandicus,5/2/2022,Lucio Gray,9
369,10/6/2021,Danyette Easey,Haliaeetus leucoryphus,5/29/2022,Brandi Ellph,16
370,7/8/2020,Emlen Brattan,Pteronura brasiliensis,11/7/2020,Alfreda Pendlington,9
371,7/10/2020,Walton Abrashkov,Anastomus oscitans,6/9/2021,Arabel Riccio,5
372,2/22/2022,Nanete Augustine,Graspus graspus,,Dominique Tabram,5
373,12/28/2023,Neysa Dufer,Thalasseus maximus,10/13/2021,Iorgos Brittles,6
374,11/16/2020,Chevy O'Monahan,Ardea golieth,,Quinlan Pappi,12
375,2/11/2023,Cordy Acaster,Ara macao,6/8/2023,Bart McIlreavy,15
376,5/12/2023,Barry Anscott,Felis chaus,9/24/2023,Fabio Cast,10
377,6/17/2020,Shayla Denkel,Physignathus cocincinus,10/15/2020,Veradis Golborne,5
378,1/7/2021,Katy Aldred,Balearica pavonina,11/3/2023,Jaquelin Gendricke,17
379,1/29/2024,Verine Duigan,Agelaius phoeniceus,6/22/2023,Douglass Maddox,12
380,6/1/2022,Arnoldo Pelzer,Leptoptilos crumeniferus,10/7/2020,Iosep Twamley,18
381,9/12/2022,Alfred Gally,Francolinus coqui,7/11/2021,Jakob Harwick,16
382,3/26/2020,Lawry Schubbert,Graspus graspus,10/15/2020,Maire Hadcroft,20
383,9/19/2022,Guthrie Preene,Nasua narica,8/5/2020,Marijn Zieme,7
384,12/13/2023,Alonso Demchen,Bison bison,4/7/2024,Marris Pimlock,9
385,8/26/2023,Dara Wardle,Morelia spilotes variegata,12/11/2023,Malanie Barkaway,10
386,11/20/2020,Ara Pointon,Paroaria gularis,,Erroll Warlock,10
387,10/19/2020,Janella Burberow,Anitibyx armatus,7/29/2020,Zulema Schwandermann,10
388,7/9/2023,Obed Bruneton,Sauromalus obesus,12/7/2021,Somerset Kenryd,8
389,6/13/2020,Edyth Loweth,Manouria emys,2/11/2025,Annabal Rubel,13
390,4/9/2023,Galvin Petroulis,Ursus maritimus,10/19/2023,Sybilla Grinishin,8
391,5/8/2020,Muhammad Pinock,Physignathus cocincinus,5/29/2023,Shurlock Bignell,20
392,6/7/2020,Hilary Puddefoot,Ammospermophilus nelsoni,4/30/2021,Barnebas Edeler,8
393,7/30/2022,Marcella Benmore,Dasypus novemcinctus,1/7/2022,Tanitansy Pennycord,7
394,3/24/2021,Avie Tillman,Notechis semmiannulatus,12/3/2022,Delcine Sessions,8
395,6/23/2020,Filmer Callow,Nucifraga columbiana,11/8/2024,Bruno Ohrtmann,13
396,11/25/2023,Bay Giamitti,Aonyx cinerea,9/15/2020,Reg Barles,20
397,5/15/2023,Reagen Mander,Gazella granti,7/22/2021,Florie Rookwell,8
398,8/8/2022,Bobby Ring,Eolophus roseicapillus,4/8/2020,Bree Boow,10
399,1/12/2021,Dode Gwynn,Tauraco porphyrelophus,10/22/2020,Vick Passfield,14
400,4/15/2023,Bourke Lunge,Meleagris gallopavo,9/27/2024,Esta Prattin,14
401,9/8/2020,Rosalind Trivett,Oryx gazella,11/28/2021,Alejandra Unger,17
402,4/19/2021,Storm Maes,Casmerodius albus,,Diego Van Salzberger,9
403,2/13/2021,Marius Oldford,Alligator mississippiensis,,Lavinia MacCardle,17
404,9/11/2023,Zonda McKearnen,Columba livia,5/13/2022,Zebulen Nethercott,12
405,3/12/2021,Anne-marie Albin,Vanessa indica,,Valida Pelosi,13
406,10/1/2020,Garfield Borrill,Uraeginthus granatina,11/11/2022,Adrian Postles,15
407,3/27/2022,Corbie Scotson,Ciconia episcopus,8/29/2021,Elie Keane,10
408,5/9/2020,Aksel Prettyman,Eudyptula minor,1/23/2023,Hunt Kofax,12
409,3/7/2021,Antonella Garcia,Nesomimus trifasciatus,3/22/2024,Shauna Youens,16
410,6/28/2021,Teddy Billison,Alopochen aegyptiacus,4/19/2022,Orsa Hargrove,13
411,11/29/2023,Margaret Schroeder,Limnocorax flavirostra,,Reidar Belcham,7
412,7/6/2021,Carolan Comoletti,Tapirus terrestris,4/1/2022,Erin Willwood,6
413,8/20/2022,Forester McDugal,Colobus guerza,9/14/2023,Tim Badgers,18
414,6/13/2021,Selle Ingold,Erinaceus frontalis,6/30/2024,Findlay De Rechter,11
415,8/3/2022,Flor Dabell,Alopochen aegyptiacus,1/7/2023,Lindon Brookwell,17
416,6/2/2022,Emlynn Brignall,Passer domesticus,11/27/2021,Jaquenette Hollows,8
417,10/16/2021,Carl Rubee,Larus fuliginosus,4/18/2023,Chadwick Goligher,20
418,6/30/2021,Franky Guillard,Sarcophilus harrisii,10/4/2024,Latrina Champness,7
419,6/29/2022,Freeland Athy,Francolinus swainsonii,8/24/2024,Mordy Sewell,19
420,6/4/2022,Fransisco Tomaello,Dromaeus novaehollandiae,2/27/2024,Nadine Leadstone,17
421,3/16/2020,Marion Farrah,Macropus agilis,1/10/2025,Perry Graser,8
422,8/17/2020,Claiborne Blasi,Climacteris melanura,6/3/2021,Ferdy Gommes,20
423,8/15/2020,Davy Chalmers,Picoides pubescens,,Mira Ronnay,16
424,11/10/2021,Ad Doige,Alligator mississippiensis,5/3/2020,Dev Carus,17
425,4/13/2023,Stella Dykes,Vanellus chilensis,6/5/2022,Talbot Tabert,10
426,6/6/2021,Harvey Biers,Zenaida galapagoensis,5/6/2024,Honor Pumfrey,20
427,10/14/2020,Angus Fowell,Alcelaphus buselaphus caama,6/9/2024,Adams Gatley,15
428,11/26/2022,Marthena MacFarland,Corvus brachyrhynchos,9/19/2024,Axel Westerman,8
429,5/12/2020,Horatio Botha,Kobus defassa,6/2/2023,Rosy Todari,16
430,9/23/2023,Edan Verdun,Vanellus sp.,3/14/2021,Rem Lukas,12
431,6/11/2021,Jim Dishmon,Ratufa indica,4/19/2021,Enrico Jellyman,5
432,9/24/2020,Sallee Junkin,Sarcorhamphus papa,6/3/2024,Vernon Baroux,18
433,7/8/2022,Faber Anster,Erinaceus frontalis,7/31/2020,Clair Astlatt,19
434,8/1/2021,Parry Dinley,Spermophilus armatus,10/27/2020,Gualterio Groucock,12
435,11/10/2023,Flori MacVay,Dendrocitta vagabunda,,Elysee Bovey,14
436,7/2/2023,Fayth Bassford,Thamnolaea cinnmomeiventris,2/17/2024,Madelin Roads,12
437,11/10/2020,Leta Danniel,Chauna torquata,2/12/2021,Leonardo Cod,13
438,1/30/2024,Maybelle Archanbault,Spermophilus parryii,12/22/2022,Bonnie Grimsdith,13
439,6/28/2023,Jared Kuhn,Crotalus cerastes,,Dov Bottinelli,18
440,4/25/2023,Carmelita McCloid,Snycerus caffer,10/10/2023,Novelia Bride,13
441,11/23/2023,Kelsey Van der Linde,Alectura lathami,,Virge Scapens,10
442,5/22/2020,Cornie Aberdein,Pytilia melba,9/12/2020,Celka Boulde,12
443,3/22/2022,Germain Scritch,Macropus robustus,9/2/2022,Savina Hardman,13
444,2/17/2023,Chance Lakin,Ctenophorus ornatus,2/18/2022,Coleman Livingstone,11
445,3/25/2021,Jeanie Mullaney,Uraeginthus angolensis,7/30/2020,Shae Joliffe,11
446,11/27/2020,Lennard Greenlees,Gyps fulvus,3/7/2023,Filberte Gooms,18
447,4/11/2022,Lynsey Marsham,Lorythaixoides concolor,,Scarlett Smullin,13
448,10/30/2021,Kass Rivalant,Lasiorhinus latifrons,6/8/2023,Gigi Todarello,13
449,9/14/2021,Gayle Simonnet,Hippotragus niger,8/27/2022,Nina Acreman,14
450,9/26/2020,Adrienne Gagan,Mazama gouazoubira,11/12/2022,Cordula Petruk,20
451,11/20/2023,Glen Kikke,Pseudocheirus peregrinus,8/26/2024,Sherlock Schneidau,6
452,3/16/2023,Scot Matyas,Hystrix cristata,8/18/2022,Margarete Schust,12
453,11/11/2021,Cleon Pennaman,Lepilemur rufescens,9/30/2021,Marylou Burds,12
454,8/29/2021,Edgardo Whitten,Galictis vittata,4/10/2022,Mikael Quantick,8
455,5/6/2021,Orella Stannett,Ciconia ciconia,10/20/2021,Theodosia Djorevic,12
456,6/12/2023,Kenn Durand,Manouria emys,7/11/2021,Steffi Ellyatt,6
457,1/15/2021,Rhoda Elstub,Anastomus oscitans,5/6/2021,Kahlil Perchard,17
458,10/3/2021,Jess Canby,Colaptes campestroides,4/6/2020,Malanie Fairn,9
459,1/27/2023,Cad Kipling,Microcebus murinus,4/11/2024,Abra Bleeze,11
460,10/26/2021,Reinhold Blazek,Sarkidornis melanotos,3/5/2021,Zachery Harring,12
461,5/12/2021,Virgie Nazair,Damaliscus lunatus,,Dacia Eden,11
462,1/16/2024,Danya Yule,Cygnus atratus,8/31/2021,Elena Larrett,12
463,4/19/2023,Grange Milley,Lama glama,,Dorine Wynch,18
464,2/26/2024,Harriett Yendle,unavailable,12/17/2022,Audie Cherrett,20
465,9/26/2023,Fanni Craufurd,Spizaetus coronatus,4/8/2021,Andie Letford,19
466,5/28/2021,Bo Dannell,Ceratotherium simum,,Scott Hoys,14
467,10/14/2023,Geoffrey Dallewater,Tringa glareola,4/2/2021,Bert D'Aulby,13
468,2/7/2024,Silvia McKeveney,Gabianus pacificus,10/8/2024,Orlan Slisby,9
469,9/25/2021,Torey Dilke,Anitibyx armatus,8/30/2021,Tabitha Hurche,15
470,8/20/2022,Silvester Dobbings,Dendrocitta vagabunda,,Mannie Sergant,16
471,1/8/2023,Troy Tisun,Varanus salvator,9/22/2021,Melva Ainley,14
472,11/8/2021,Estella Blackledge,Connochaetus taurinus,4/9/2023,Roxine Trunks,13
473,2/23/2024,Keir Vorley,Rhea americana,12/5/2021,Jennette Buttery,5
474,10/6/2023,Mattie Sherlaw,Pelecanus occidentalis,2/1/2022,Rosy Germaine,15
475,6/21/2023,Udale Jeakins,Gyps bengalensis,,Amy Herries,17
476,4/20/2022,Lezley Henfre,Ara chloroptera,11/1/2021,Howey Savil,15
477,5/23/2021,Elie Nickolls,Diomedea irrorata,,Tana Caldayrou,20
478,5/14/2023,Niall Peaddie,Agkistrodon piscivorus,,Marney Sissens,13
479,4/27/2021,Dona Tremberth,Speothos vanaticus,3/30/2024,Nadean Thurbon,16
480,11/12/2021,Ezmeralda d'Arcy,Buteo jamaicensis,4/1/2024,Orin Tompsett,16
481,11/3/2023,Mack Hukins,Eudyptula minor,,Marilee Haddacks,19
482,1/15/2022,Ettie Haswell,Tetracerus quadricornis,6/6/2020,Ofelia Chard,17
483,5/17/2021,Brandy Element,Ephippiorhynchus mycteria,4/30/2021,Karlee Reinhart,9
484,4/14/2020,Olivie Poge,Macropus agilis,9/4/2023,Hernando Adkins,10
485,7/1/2021,Rhianna Toffalo,Agama sp.,,Moses Le Estut,15
486,3/15/2022,Jermaine Basford,Cyrtodactylus louisiadensis,1/24/2024,Urban Docherty,19
487,8/21/2022,Shannan Olivetti,Camelus dromedarius,6/10/2023,Linell Kolinsky,9
488,5/2/2021,Wernher Triebner,Laniarius ferrugineus,12/18/2020,Gabey Sainsberry,14
489,9/17/2023,Tiphani Allden,Trachyphonus vaillantii,7/31/2020,Linet Philipot,7
490,9/13/2021,Neysa Quartley,Dicrostonyx groenlandicus,,Bayard McNabb,7
491,5/7/2021,Sybila Dunderdale,Paradoxurus hermaphroditus,1/4/2025,Gustave Bierling,12
492,12/16/2022,Andris Reightley,Lycosa godeffroyi,12/11/2022,Job Motton,7
493,4/8/2020,Kelci Neeson,Phascogale tapoatafa,,Christie D'Ambrosio,15
494,5/18/2023,Gaven Duffer,Nycticorax nycticorax,10/8/2021,Iseabal Algore,6
495,8/12/2023,Riki Stockwell,Junonia genoveua,,Franklin Masserel,6
496,3/23/2022,Reeta Neads,Felis concolor,2/29/2024,Alonso Pratty,6
497,1/6/2021,Brenna Franzonello,Morelia spilotes variegata,4/15/2023,Jany Stife,15
498,2/27/2021,Daryl Gofford,Motacilla aguimp,12/24/2020,Keefer Demare,12
499,12/23/2022,Bertha Starbuck,unavailable,,Clemence Poleye,12
500,8/14/2020,Klement Greeveson,Morelia spilotes variegata,4/9/2022,Lalo Gatherell,15
501,2/19/2023,Rosaline Abraham,Ciconia episcopus,,Duncan Cancutt,5
502,12/30/2020,Sully Swate,Ara ararauna,7/23/2024,Madalyn Trevor,16
503,4/4/2022,Jillene Bridgman,Sciurus niger,1/11/2024,Clerkclaude Worviell,10
504,8/30/2020,Anthiathia De Benedictis,Snycerus caffer,6/17/2024,Frances Antoniewicz,7
505,5/15/2022,Lorenzo Matei,Canis aureus,,Sarine Vasishchev,8
506,3/25/2023,Mersey Abbison,Ploceus rubiginosus,,Francklin Copeman,12
507,7/5/2021,Perla Messom,Giraffe camelopardalis,11/12/2020,Marrilee Farman,19
508,8/30/2023,Rivalee Want,Canis mesomelas,11/5/2021,Ivory Fetterplace,15
509,10/11/2023,Ginnie Andreia,Laniarius ferrugineus,12/25/2023,Aprilette Managh,9
510,3/17/2021,Jedediah Conahy,Semnopithecus entellus,,Miguela MacHostie,6
511,1/15/2021,Sutherland Fleury,Podargus strigoides,,Roseanna Dymick,12
512,6/29/2020,Gratiana Olorenshaw,Dasypus novemcinctus,5/13/2020,Jeanine O'Carmody,7
513,11/24/2023,Elnora Janicek,Macropus agilis,11/17/2024,Joyce Bundock,15
514,12/17/2021,Sean Meineking,Lybius torquatus,6/17/2024,Niven Solland,15
515,2/16/2022,Chan Grinley,Felis silvestris lybica,1/19/2025,Toby Defries,19
516,12/24/2022,Skelly Ivakhnov,Ardea golieth,9/18/2024,Hayley Cassidy,6
517,3/21/2021,Rebekkah Pina,unavailable,3/15/2020,Erin Skittles,13
518,5/21/2023,Desmund Figure,Varanus komodensis,5/6/2024,Marve Oag,6
519,2/3/2024,Marlane Flippen,Canis lupus,4/20/2021,Korrie Pelcheur,12
520,7/27/2022,Gretna Robelow,Dasyprocta leporina,9/28/2021,Oren Tuminini,14
521,1/31/2023,Gery Dyshart,Haliaeetus leucocephalus,7/28/2020,Rafaelia Cockshot,11
522,3/24/2020,Adair Merrigan,Ictonyx striatus,5/31/2022,Marv Langstone,12
523,3/18/2020,Percy Tregonna,Tragelaphus angasi,9/29/2021,Ronnie Kilbane,10
524,8/29/2023,Bearnard Case,Buteo regalis,12/28/2020,Marisa Hume,19
525,12/30/2023,Wolfie Squier,Taxidea taxus,7/30/2021,Arleyne Findlay,17
526,8/25/2020,Britney Budd,Uraeginthus granatina,12/29/2020,Oralla Lightbourne,7
527,12/24/2022,Karyn Abramow,Heloderma horridum,12/26/2021,Llywellyn Abrahart,13
528,4/17/2021,Sonny Tiler,unavailable,7/31/2024,Jorgan Authers,13
529,1/3/2023,Colleen Kubalek,Alcelaphus buselaphus caama,7/12/2023,Bruce Smeuin,11
530,10/29/2020,Peadar McLorinan,Bison bison,12/26/2022,Demetris Pollastrone,9
531,5/31/2022,Brunhilda Pikett,Pan troglodytes,11/22/2020,Britta Mistry,20
532,10/8/2023,Silvano Walak,Cervus canadensis,4/5/2021,Ekaterina Sheasby,9
533,10/2/2023,Clyve Craven,Caiman crocodilus,3/30/2024,Waverley Birdsey,17
534,4/3/2022,Katheryn Beamish,Mungos mungo,5/8/2023,Carce Philipson,14
535,3/6/2024,Ezri Ambrogini,Paroaria gularis,,Norry Goaks,18
536,4/22/2020,Marco Halbord,Meles meles,8/2/2024,Sid Asher,19
537,3/17/2021,Alisha Kmieciak,Pitangus sulphuratus,,Gabi Breed,18
538,11/28/2023,Marcellus Bosenworth,Ardea golieth,11/18/2023,Brendon Gate,12
539,5/6/2021,Korey Fuchs,Felis silvestris lybica,,Gabriel Cleife,11
540,6/18/2021,Allyn Boase,Egretta thula,2/17/2023,Ingaberg MacDwyer,5
541,5/14/2022,Augustina Mardlin,Macaca mulatta,2/26/2023,Meredith Bartell,10
542,5/21/2023,Donny Simoneau,Limosa haemastica,12/7/2023,Wheeler Gulston,9
543,10/13/2022,Addie Edgeler,Felis concolor,,Hannah Zavattari,9
544,5/16/2022,Izak Anster,Plegadis ridgwayi,1/25/2024,Layton MacFadyen,15
545,7/23/2021,Raychel Bruinsma,Naja haje,4/27/2023,Helsa Lasham,11
546,2/8/2023,Bren Vauls,Dusicyon thous,6/4/2024,Sonnie Bampkin,13
547,10/22/2021,Lazare Basketter,Plegadis ridgwayi,4/4/2024,Agneta Empringham,15
548,4/28/2023,Finn Pendrick,Macropus parryi,,Emmalynn Caville,10
549,8/21/2021,Myrilla Axup,Lasiodora parahybana,,Letty Grzeszczyk,20
550,9/6/2023,Dore Gullivan,Streptopelia senegalensis,,Sidnee McKea,7
551,12/26/2020,Chere Meale,Macropus robustus,,Rubina Braund,9
552,3/6/2024,Blakeley Hince,Himantopus himantopus,,Sybilla Dallimare,19
553,9/23/2023,Estella MacAllaster,Neotis denhami,11/3/2020,Melania Bompas,10
554,1/20/2022,Darci Featherstonhalgh,Sciurus niger,8/30/2020,Clay Skells,18
555,9/13/2023,Waneta Cartwright,Hyaena brunnea,9/6/2023,Sallie Divis,7
556,12/22/2020,Tiebout Anelay,Acrantophis madagascariensis,11/29/2023,Tony Mouse,15
557,3/21/2023,Ninnette Realy,Anthropoides paradisea,8/3/2022,Tessy Di Meo,15
558,4/18/2022,Marlowe Quaife,Hymenolaimus malacorhynchus,2/29/2024,Norby Guarnier,11
559,2/17/2023,Leoine Denekamp,Dasyurus maculatus,10/13/2022,Robena McGilroy,11
560,2/14/2024,Jone Loch,unavailable,12/21/2021,Park Rainton,15
561,8/1/2020,Rudd Raulin,Centrocercus urophasianus,4/11/2022,Sollie Dainton,16
562,11/14/2022,Egbert Biasioli,Haliaeetus leucocephalus,1/29/2025,Almira Moiser,19
563,4/24/2020,Catherine Bris,Pituophis melanaleucus,10/27/2024,Ofelia Burl,12
564,12/4/2021,Lanny Grzelak,Cervus canadensis,9/17/2024,Constancia Jarrell,8
565,12/16/2023,Barret Styan,Macropus robustus,8/21/2023,Brandi Carlan,8
566,10/20/2023,Geraldine Dunnaway,Gazella thompsonii,5/8/2020,Reube Duffett,11
567,4/12/2022,Estelle Gaskal,Pandon haliaetus,10/27/2024,Millard Critoph,20
568,8/20/2023,Elihu Marquot,Meles meles,,Sterne Bardell,19
569,4/5/2021,Reuben Loveday,Chlidonias leucopterus,12/2/2022,Josephine Brazener,9
570,10/7/2023,Katharine Hauxwell,unavailable,4/24/2023,Marketa Vequaud,9
571,10/30/2023,Darb Merwede,Oncorhynchus nerka,11/8/2024,Lea Sollom,19
572,10/23/2022,Delores Troucher,Halcyon smyrnesis,11/12/2020,Sonnie Manuello,10
573,3/3/2022,Shana Dimbylow,Francolinus swainsonii,9/22/2023,Tiffanie Barenski,11
574,9/30/2020,Nicoline Duthie,Coluber constrictor,4/24/2020,Zondra Fice,7
575,12/15/2021,Tabbi Bendell,unavailable,4/4/2021,Poul Lope,5
576,2/26/2021,Anitra Lademann,unavailable,10/20/2022,Mariel Freestone,14
577,5/13/2021,King Seppey,Cercopithecus aethiops,11/6/2021,Izaak Shackesby,15
578,8/9/2023,Emelia Citrine,Macropus robustus,10/8/2022,Karisa Gabbatt,13
579,7/16/2022,Olvan Rosbrough,Ovis ammon,,Jasper Colleford,9
580,11/26/2021,Adora List,Phoenicopterus chilensis,11/14/2021,Arney Youthed,12
581,3/30/2022,Della Littrick,Coluber constrictor,3/21/2022,Carleton Kilalea,11
582,8/6/2022,Lutero Ferraresi,Canis mesomelas,9/6/2024,Eleanora Risen,15
583,4/8/2021,Kermie Perazzo,Diomedea irrorata,,Patty McKirdy,14
584,2/28/2021,Farah Aldren,Dendrocitta vagabunda,,Kirsteni Sokale,10
585,7/9/2023,Jory Code,Choloepus hoffmani,6/10/2023,Lottie Blei,20
586,1/23/2024,Kynthia Pavkovic,Colobus guerza,,Kayne Shurrocks,9
587,5/5/2022,Berton Kobera,Cygnus atratus,12/17/2020,Grissel Marran,9
588,7/21/2023,Carlynn Trass,Estrilda erythronotos,,Burr Binford,18
589,3/30/2021,Carly Brabyn,Cervus elaphus,9/21/2023,Pamelina Tournie,14
590,1/3/2024,Garrett Mourant,Streptopelia senegalensis,9/21/2023,Melva McGing,14
591,7/2/2020,Seth Hynam,Nannopterum harrisi,5/31/2024,Francine Kilgallen,19
592,9/4/2020,Niel Ledstone,Merops sp.,8/30/2022,Hubey Erskin,12
593,12/27/2020,Francis Althorp,Macropus eugenii,10/11/2021,Jacquenetta Ewbanks,17
594,1/17/2024,Gabrielle Baggarley,Mellivora capensis,,Fiona Muncey,16
595,11/26/2023,Ansley Peak,Gymnorhina tibicen,5/28/2022,Eamon Gaskin,11
596,9/27/2020,Dory Petrescu,Charadrius tricollaris,1/30/2023,Nicola Kunzelmann,20
597,6/9/2021,Halley Dutt,Smithopsis crassicaudata,8/29/2021,Irvin Kleinbaum,20
598,1/30/2024,Birgitta Elsbury,Limnocorax flavirostra,5/11/2023,Juliana Shilburne,13
599,6/6/2020,Jerry Bickersteth,Ara chloroptera,3/8/2022,Leopold Tenman,13
600,3/19/2021,Winnah Redpath,Felis wiedi or Leopardus weidi,3/9/2022,Germana Pelchat,18
601,10/5/2023,Phip Langsbury,Neophoca cinerea,,Feodor Babin,8
602,9/24/2022,Skye Kennard,Tamiasciurus hudsonicus,12/17/2022,Camile Izkoveski,17
603,6/13/2021,Zonnya Capron,Rhabdomys pumilio,12/14/2020,Rhetta Bengtsen,13
604,2/15/2021,Chalmers Berthel,Pteronura brasiliensis,,Kris Callendar,5
605,10/17/2023,Edythe Earingey,Hymenolaimus malacorhynchus,11/27/2022,Irina Warbrick,10
606,7/5/2021,Persis Hunt,Dacelo novaeguineae,10/29/2020,Archer Tracey,16
607,10/4/2023,Charmine Damper,Phalaropus fulicarius,9/26/2023,Octavius Gaspard,13
608,10/28/2021,Alfred Clarae,Felis caracal,,Felicia Hugueville,12
609,3/16/2023,Shannon Moxsom,Pitangus sulphuratus,4/25/2024,Jarrett McDoual,13
610,5/14/2021,Jilleen Heyworth,Macaca nemestrina,2/23/2021,Glynnis Parton,14
611,6/7/2020,Guillermo Vowels,Climacteris melanura,7/12/2023,Ray Bithell,9
612,9/9/2022,Renate Donlon,unavailable,,Daniele Patterson,16
613,2/5/2024,Claudianus Cawkill,Phoca vitulina,1/27/2024,Anna-diane Colt,14
614,9/26/2023,Oralle Klaus,Boa caninus,4/16/2021,Alix Coyte,12
615,10/10/2021,Anastassia Keningham,Marmota flaviventris,,Reagen Noury,10
616,12/12/2021,Nerte Blacklawe,Lasiorhinus latifrons,2/3/2023,Sashenka Peye,15
617,2/20/2021,Roxi Moult,Spheniscus magellanicus,9/13/2024,Austen Prantoni,16
618,3/24/2022,Ara Rusbridge,Meles meles,8/17/2022,Marcus Jaggar,12
619,9/21/2020,Lazarus Saffin,Lamprotornis chalybaeus,11/5/2021,Christye Dimberline,12
620,8/7/2022,Etta Le Friec,Pelecanus occidentalis,4/22/2021,Sallyann Parradine,8
621,5/10/2020,Ealasaid Fanstone,Eurocephalus anguitimens,,Corty Thirtle,10
622,10/13/2021,Kimball Stiff,Plocepasser mahali,12/22/2024,Addie Jenner,20
623,12/20/2022,Meridith McLaughlin,Felis yagouaroundi,9/26/2024,Meredithe Dickman,12
624,12/10/2021,Joyann Dodamead,Gazella thompsonii,,Luce Baddam,5
625,5/12/2021,Sherwood Kubes,Cebus nigrivittatus,,Byrle Duchan,13
626,12/2/2022,Gilberte Preshaw,Antidorcas marsupialis,2/24/2024,Neils MacAlpyne,11
627,10/4/2021,Dorian Davidove,Phalaropus fulicarius,2/4/2024,Augustina Mudd,5
628,4/9/2022,Myer Spollen,Myiarchus tuberculifer,8/2/2022,Tani Jefferson,14
629,4/2/2020,Fannie Doneld,unavailable,12/30/2022,Connie Itzik,7
630,5/8/2020,Pace Skewis,Ourebia ourebi,1/16/2021,Kerk Margetts,16
631,5/4/2020,Biddie Gennrich,Equus burchelli,8/20/2023,Sax York,13
632,9/26/2022,Alfie Presnail,Ceratotherium simum,,Misty Denzilow,12
633,7/24/2021,Riordan Huc,Pseudalopex gymnocercus,5/2/2020,Corbin Phinn,8
634,5/6/2022,Teddy Donat,Trichoglossus haematodus moluccanus,11/22/2022,Cacilia Meeks,17
635,6/14/2020,Hannah Frisel,Choloepus hoffmani,8/13/2020,Sofia Arthurs,19
636,6/3/2020,Mal Wedlake,Gymnorhina tibicen,12/25/2020,Quincy Quogan,10
637,10/28/2022,Lucian Klimczak,Pycnonotus nigricans,2/12/2024,Winfred Styant,16
638,7/10/2020,Gaye Matusson,Ploceus rubiginosus,2/28/2024,Aleta Manoch,19
639,9/9/2023,Farand Beri,Vanessa indica,5/18/2022,Tirrell Brind,16
640,6/9/2022,Leanna Sabey,Panthera pardus,,Jasun Jodlowski,9
641,4/9/2021,Nicko Bernhart,Bubo virginianus,5/1/2023,Tawsha Kersley,13
642,5/5/2023,Riva Kiffin,Libellula quadrimaculata,3/3/2023,Nikki Fitzpatrick,6
643,5/10/2022,Towney Harmond,Ictalurus furcatus,9/22/2024,Adora Mabbott,19
644,9/14/2021,Marillin Alecock,Pseudocheirus peregrinus,6/3/2023,Jed Bayman,18
645,9/28/2022,Aube Brear,unavailable,3/13/2022,Burgess Maybey,15
646,6/20/2021,Koren Godwyn,Agama sp.,,Yetta Crossfeld,13
647,12/21/2020,Fair Gerhts,Ovibos moschatus,11/1/2021,Janifer Zimmer,9
648,10/16/2021,Doroteya Marlon,Columba livia,7/27/2024,Gay Wileman,9
649,12/20/2021,Sibylle Devas,Plectopterus gambensis,11/11/2021,Brenden Fer,5
650,4/19/2021,Amil Crumbleholme,Aquila chrysaetos,4/9/2023,Valma Garnar,6
651,5/17/2020,Danielle de Aguirre,Tiliqua scincoides,11/25/2021,Reed Sparwell,6
652,2/10/2023,Myrta Summerly,Phalaropus lobatus,,Elfrieda Sodory,5
653,8/27/2021,Whitney McRory,Fregata magnificans,,Lyndsie Gonthard,16
654,10/12/2020,Gabie Nucci,Climacteris melanura,6/18/2024,Ariel Skoggins,9
655,10/4/2021,Carol Devlin,Corallus hortulanus cooki,6/1/2022,Nola Daborn,19
656,12/12/2021,Field Tillard,Diceros bicornis,10/19/2020,Tommi Miles,19
657,7/11/2020,Romola Deadman,Loris tardigratus,9/23/2020,Pebrook Kingcote,5
658,4/26/2021,Fernande Melendez,Chlidonias leucopterus,5/21/2022,Elva Conkay,13
659,1/8/2022,Marie-ann Fuggle,Mazama americana,9/6/2022,Smith Thirlwall,6
660,2/2/2022,Cullin Hallums,Passer domesticus,,Jaye Agus,15
661,1/18/2023,Ddene Buie,Streptopelia decipiens,12/20/2020,Russ Ions,9
662,3/28/2021,Carola Alderwick,Bucorvus leadbeateri,,Dalt Samwell,10
663,1/24/2023,Caren Woodhouse,unavailable,1/7/2024,Melodee Davio,18
664,9/9/2020,Dewain Varian,Cordylus giganteus,10/4/2020,Tuck Breazeall,12
665,7/5/2023,Rosamond Boulton,Grus canadensis,2/27/2023,Wildon Witten,7
666,1/8/2023,Perrine Bembridge,Mycteria leucocephala,12/24/2021,Thatcher Anstie,15
667,10/2/2020,Cristian Fairbard,Acrobates pygmaeus,11/2/2021,Estelle Munt,10
668,9/28/2022,Amara Ambrosi,Bubo virginianus,10/2/2023,Giorgio Gransden,5
669,5/17/2021,Thurstan Hatherleigh,Lamprotornis nitens,7/28/2021,Malinda Dugue,8
670,4/9/2020,Earlie McTeague,Anathana ellioti,3/9/2024,Loraine Arghent,11
671,10/19/2020,Torin Pedder,Drymarchon corias couperi,,Lorne McFadin,7
672,1/16/2023,Leandra Dobrowlski,Sciurus vulgaris,,Cece Keetch,20
673,3/14/2020,Raphaela Heibl,Recurvirostra avosetta,6/13/2020,Livvie Henaughan,20
674,8/23/2020,Modesta McFfaden,Eubalaena australis,,Tyler Simchenko,8
675,3/26/2023,Chanda Bloxholm,Dasyurus viverrinus,10/21/2023,Casper McCooke,17
676,7/23/2020,Vicki Labram,Procyon cancrivorus,11/27/2024,Penny Kunath,20
677,9/23/2023,Zed Freschi,Galictis vittata,8/22/2021,Zonda Cambling,7
678,8/2/2023,Baily Champneys,Graspus graspus,3/31/2021,Charleen Citrine,19
679,1/28/2024,Lucila Showalter,Ursus arctos,1/2/2022,Ermengarde Fidgeon,15
680,11/18/2021,Mallorie Peck,Plectopterus gambensis,8/8/2021,Justinian Matejovsky,5
681,2/8/2021,Laney MacKey,Boa caninus,10/15/2023,Anita Dyson,9
682,2/14/2021,Morton Merricks,Physignathus cocincinus,5/18/2022,Nessi Garz,16
683,5/3/2020,Brandyn Krysiak,Phascogale calura,5/27/2021,Valentia Bricksey,12
684,2/25/2023,Obie Bottle,Upupa epops,4/5/2024,Rochette Haydney,13
685,12/1/2020,Connor Ivashin,Spizaetus coronatus,2/9/2025,Jone Guerrazzi,14
686,11/13/2020,Maxie Crickmore,Sciurus vulgaris,8/30/2021,Aurie Polendine,14
687,9/19/2021,Beilul Bedding,Cereopsis novaehollandiae,,Junie Furze,20
688,1/19/2022,Griz Smissen,Himantopus himantopus,11/15/2020,Amalee Coonan,9
689,8/24/2023,Nettle Merriday,Phalaropus lobatus,3/28/2020,Brod Screwton,15
690,6/11/2022,Jenna Taberner,Seiurus aurocapillus,,Travis Kierans,18
691,10/1/2023,Gearalt Woodson,Sauromalus obesus,10/9/2022,Marrissa Gerold,20
692,11/8/2022,Wildon Skevington,Zenaida galapagoensis,4/9/2022,Wilie Kollasch,12
693,12/26/2021,Eudora Semrad,Lamprotornis chalybaeus,4/19/2023,Bronson Yakutin,18
694,12/1/2020,Morgen Shewon,Macropus fuliginosus,2/5/2022,Ansley Van Hesteren,16
695,8/6/2022,Rayna Speechley,Alcelaphus buselaphus caama,7/16/2020,Onida Brindley,12
696,4/19/2021,Zebulon Schultes,Paradoxurus hermaphroditus,11/5/2023,Lucias Veschambre,13
697,12/29/2020,Elvira Farnish,Ovis dalli stonei,9/27/2023,Benjamin Laboune,14
698,9/7/2023,Charlton Staley,Pteronura brasiliensis,,Shani Canepe,12
699,1/14/2023,Cynthia Lowdes,Spizaetus coronatus,7/10/2020,Ellyn Tayt,14
700,5/14/2020,Kimberli Vernau,Sciurus niger,8/10/2024,Sergei Bergstrand,15
701,5/23/2022,Kingston Benfield,Manouria emys,8/19/2023,Doreen Hanhardt,12
702,7/26/2022,Harmonia Sparham,Columba livia,2/27/2025,Vincents Messager,16
703,1/10/2022,Lawry Ticic,Suricata suricatta,11/15/2023,Chuck Alcott,15
704,12/29/2023,Danella Edy,Ploceus intermedius,10/4/2020,Peggi Bulgen,9
705,6/1/2020,Chelsie Ferrarese,Papilio canadensis,12/18/2023,Cory Jurick,18
706,8/22/2021,Adelind Maffini,Ursus arctos,4/22/2020,Lane Broadbury,8
707,12/21/2021,Genny Lynd,Vombatus ursinus,,Taylor Hagston,17
708,11/30/2020,Rafaelita Masson,Eudromia elegans,11/19/2023,Cyrille Shurmer,12
709,5/6/2021,Tallie Bellefonte,Spermophilus armatus,10/30/2023,Robbin Roostan,12
710,5/31/2023,Stormi Sebire,Dendrocitta vagabunda,9/16/2023,Aloin Clemenzi,9
711,11/11/2023,Erick Gunning,Terathopius ecaudatus,,Norean Piscot,10
712,7/29/2020,Nadya Kunzel,Corythornis cristata,8/28/2023,Hermon Stirman,6
713,11/25/2023,Flynn Brader,Corallus hortulanus cooki,7/13/2021,Hilarius Pudan,18
714,7/3/2021,Belle Wimpenny,Charadrius tricollaris,6/13/2022,Fons Kitchiner,18
715,11/26/2022,Adolf Waddell,Canis lupus baileyi,10/9/2022,Stephana Rase,10
716,2/20/2022,Liza Fynan,Halcyon smyrnesis,11/15/2022,Gerick Hamly,20
717,1/27/2021,Claiborne Adhams,Naja sp.,3/19/2021,Stevie Kinkaid,7
718,11/20/2022,Renaud Lissandre,Potamochoerus porcus,1/19/2022,Johann Tomkin,11
719,8/4/2023,Cara Francello,Chlamydosaurus kingii,,Richy Grinov,14
720,4/22/2020,Kariotta Vogt,Centrocercus urophasianus,6/5/2022,Julius Doogood,11
721,9/3/2020,Riordan Cufley,Odocoileus hemionus,12/31/2020,Bekki Attiwill,18
722,9/3/2023,Franciska Neames,Vulpes vulpes,11/29/2021,Gustav Labin,9
723,10/23/2020,Erena Arnholdt,Sceloporus magister,9/1/2022,Rafaello Donaghy,16
724,12/3/2023,Daphene MacAless,Ursus arctos,,Kinnie Jobey,11
725,6/18/2020,Gaylor Joincey,Macaca radiata,12/18/2020,Saree Cunney,6
726,1/22/2022,Gilli Shellcross,Chauna torquata,,Caryl Garment,20
727,1/19/2024,Madlen Brunke,Catharacta skua,,Kial O'Shaughnessy,19
728,8/1/2023,Gilberte Martyntsev,Tiliqua scincoides,,Keeley Barz,9
729,11/5/2022,Grantley Beeswing,Damaliscus lunatus,3/5/2024,Agneta Cotes,6
730,11/24/2021,Hetty Stockin,Nyctanassa violacea,12/16/2024,Krisha Koenen,9
731,5/12/2023,Talyah Capener,Vicugna vicugna,,Betta Snailham,5
732,7/17/2021,Fonz Dorcey,Cercopithecus aethiops,,Jeffrey Weall,20
733,1/11/2022,Bobbe Ghelerdini,Macropus eugenii,4/7/2024,Hobard Cosgreave,12
734,10/8/2020,Ariela Pashenkov,Aepyceros mylampus,3/17/2021,Blane Columbine,7
735,7/29/2020,Leyla Gyorffy,Sarkidornis melanotos,6/30/2023,Bail Shakespeare,14
736,3/17/2022,Egor Alvares,Cacatua tenuirostris,,Samuel Stanyan,18
737,10/10/2021,Billie Tuck,Plectopterus gambensis,12/25/2024,Gawain Bowcock,10
738,9/6/2023,Lorin Maddick,Geochelone radiata,3/1/2025,Leroy Chatan,20
739,3/3/2021,Lacie Caroll,Petaurus breviceps,2/20/2024,Pauly Castelin,10
740,9/28/2021,Enrichetta Bainbridge,Erinaceus frontalis,9/5/2023,Davie Jesty,14
741,1/18/2021,King Vennard,Macropus robustus,10/31/2021,Colan Cricket,9
742,3/10/2023,Cletis Raatz,Haematopus ater,9/3/2022,Othilia Plues,10
743,2/24/2024,Baillie Yansons,Cacatua tenuirostris,9/3/2020,Eamon Polino,13
744,6/6/2022,Sarena Clemenceau,Bubalornis niger,,Amalia Colbourne,5
745,11/25/2023,Bellina Kingswoode,Certotrichas paena,2/5/2023,Aggie Troyes,17
746,9/30/2021,Cristi McKevitt,Bettongia penicillata,9/21/2020,Kristien von Grollmann,16
747,5/7/2020,Adolph Brinkley,Hystrix cristata,6/4/2023,Ferrel Duddridge,6
748,12/12/2023,Hatti Hayes,Haliaetus vocifer,3/20/2023,Virginie Lambe,8
749,8/25/2022,Gipsy Tomaini,Felis yagouaroundi,5/10/2022,Karrie Lackeye,13
750,1/17/2022,Annamarie Lindstedt,Pelecanus occidentalis,,Tess Satchel,14
751,10/31/2021,Phillida Malkinson,Vanellus armatus,11/2/2021,Missy Bretton,12
752,9/3/2020,Michael Kinleyside,Dendrohyrax brucel,2/4/2024,Erin Ivons,16
753,1/27/2022,Braden Peracco,Meles meles,4/25/2021,Birch Jacobowicz,5
754,5/21/2022,Jilly Keyzor,Psophia viridis,6/10/2024,Noam Gerrels,6
755,9/2/2023,Starlene Tromans,Echimys chrysurus,8/4/2020,Erwin Lerhinan,8
756,8/15/2022,Dorothea Keddie,Sagittarius serpentarius,7/10/2024,Kath Brocklehurst,5
757,2/9/2023,Layla Elderfield,unavailable,2/20/2023,Moe Busst,16
758,11/28/2022,Myrah Robertazzi,Pteronura brasiliensis,3/5/2024,Tara Clissell,5
759,11/26/2021,Algernon McGahern,Thylogale stigmatica,11/3/2021,Rick Dwelley,10
760,8/24/2022,Constantine Frankcombe,Mazama americana,,Sheilah Behrens,11
761,6/27/2022,Chrystal Songust,Spermophilus armatus,12/25/2023,Gherardo Brocket,16
762,9/13/2023,Brier Delatour,Helogale undulata,8/26/2022,Lew Frickey,13
763,6/22/2022,Lisbeth Shovelton,Stercorarius longicausus,6/18/2021,Sigrid Jenman,20
764,4/20/2021,Vivyan Riste,Phalaropus lobatus,9/16/2023,Frederigo Warland,16
765,8/11/2021,Mitchel Stubbe,Kobus vardonii vardoni,3/10/2024,Nicol Stucke,17
766,3/17/2021,Ganny Skittrall,Phalaropus fulicarius,1/12/2023,Carlina Tunuy,13
767,9/20/2021,Gerda Rulton,Ateles paniscus,8/12/2024,Steve Snoxell,15
768,6/12/2023,Valma Rowet,Junonia genoveua,,Giffy Dargue,10
769,10/2/2022,Janina Balch,Felis caracal,,Michail Eastop,10
770,9/3/2021,Halsey Meeking,Nasua narica,2/25/2024,Maisey Pingstone,19
771,6/17/2023,Astrid Moncrefe,unavailable,7/20/2022,Evelin Kyndred,9
772,9/10/2021,Rosanna Adcock,Didelphis virginiana,,Olva Elcott,17
773,5/16/2023,Lori O'Dea,Geochelone radiata,8/3/2022,Willyt Ghiraldi,6
774,3/15/2022,Morgen Ricci,Hyaena hyaena,7/6/2023,Gaylene Skally,13
775,3/18/2021,Fanechka Bartolomeazzi,Dendrocygna viduata,10/15/2022,Caesar Waslin,5
776,6/19/2022,Jaquenette Holson,Mabuya spilogaster,6/27/2024,Neysa Manssuer,7
777,8/28/2021,Cate Mance,Corallus hortulanus cooki,11/30/2022,Robbi Skayman,14
778,5/28/2020,Jedd Longcake,Zenaida asiatica,7/12/2024,Sully Endle,8
779,2/18/2022,Hazlett Bedbrough,Mycteria ibis,,Alli Redmire,10
780,8/12/2021,Cointon Etienne,Pelecans onocratalus,1/23/2024,Morna Noblett,14
781,11/22/2021,Katerina Pitkeathly,Sula dactylatra,2/10/2024,Kathi Muskett,12
782,10/11/2021,Ring Lafayette,Papilio canadensis,3/11/2023,Walsh Tilbury,8
783,6/27/2023,Penelopa Scurr,Felis wiedi or Leopardus weidi,,Nickola Jeeves,13
784,2/26/2021,Ramsey Pinshon,Martes americana,7/4/2024,Coriss Bracknall,10
785,6/13/2023,Adriaens Featherstone,Milvago chimachima,12/14/2021,Welch Danbrook,17
786,2/22/2023,Frederic Aronson,Tadorna tadorna,,Francklin Baldry,13
787,10/3/2021,Shelton Sinderland,Bassariscus astutus,6/13/2021,Vanni Simondson,18
788,10/4/2021,Freida Halliwell,Phasianus colchicus,,Ashbey Adaway,13
789,10/21/2021,Blondelle Sibly,Manouria emys,11/26/2020,Lilah Dolohunty,15
790,7/1/2022,Dorolice Waller,Gyps bengalensis,2/22/2023,Rance Pettendrich,10
791,2/3/2023,Simona Hullbrook,Bassariscus astutus,11/24/2021,Giorgio Vallis,13
792,9/30/2022,Skippie Eagleton,Crotalus triseriatus,,Gardner Karolczyk,12
793,2/24/2023,Sunshine Ratter,Alopochen aegyptiacus,,Alric Fairebrother,13
794,10/6/2020,Early Filippucci,Centrocercus urophasianus,,Kevina Lassells,10
795,3/29/2023,Rogerio Merrin,Galago crassicaudataus,,Goldia Girardot,6
796,10/12/2021,Carma Dullingham,Sylvicapra grimma,2/12/2023,Fay Mozzi,7
797,10/13/2020,Gannon Chamberlen,Eubalaena australis,4/26/2021,Zacherie Bursnell,5
798,4/17/2021,Kata Pennicard,Porphyrio porphyrio,6/16/2020,Trude Commucci,20
799,3/2/2022,Ame Bergen,Junonia genoveua,1/20/2022,Abra Lashmore,17
800,8/16/2020,Ewart Davidove,Dasypus novemcinctus,4/10/2020,Oona Luto,12
801,10/1/2021,Mandi Wakefield,Canis lupus baileyi,4/7/2021,Aurelea Folli,7
802,12/27/2021,Terrell Heaphy,Bassariscus astutus,2/1/2023,Jorgan Crumpton,20
803,6/19/2021,Lula Spellward,unavailable,,Neddie Chastang,14
804,12/10/2023,Bran Hanssmann,Tringa glareola,,Salvatore Jarratt,11
805,1/27/2023,Letitia Sprigin,Felis chaus,5/18/2021,Gretchen Tzarkov,19
806,4/25/2021,Jakie Synder,Gyps bengalensis,2/26/2024,Moore Roselli,18
807,7/3/2022,Adolpho Palle,Felis rufus,8/9/2023,Clay Goldis,11
808,3/17/2020,Dela Labet,Eremophila alpestris,4/3/2023,Eilis Brasener,18
809,5/13/2020,Sheffie Pauls,Oncorhynchus nerka,4/18/2024,Lane Edgeworth,12
810,12/20/2022,Piggy Hannigane,Paroaria gularis,,Morey Fullman,20
811,12/20/2022,Beau Navarre,Boa caninus,1/29/2024,Frazier Lovemore,12
812,12/28/2022,Gardie Spendley,Ratufa indica,9/4/2022,Carmen MacInnes,20
813,6/3/2022,Meredith Khosa,Potos flavus,2/20/2024,Nikolaos Chiverstone,14
814,3/13/2020,Eleanor Hemshall,Mirounga angustirostris,,Justinn Stoneham,12
815,4/24/2021,Curcio Kosel,Eurocephalus anguitimens,,Brittni Rawle,7
816,3/13/2020,Meghan Simmgen,Bubulcus ibis,6/15/2021,Marina Yve,12
817,12/11/2023,Andy McAuslan,Coluber constrictor,,Quintana Camamill,7
818,7/25/2021,Faythe Austen,Chauna torquata,3/25/2021,Penny Couchman,20
819,7/8/2022,Nadia Wheelwright,Anas punctata,1/14/2024,Aubry Meldon,19
820,5/2/2022,Boothe Rickeard,Rhea americana,7/19/2023,Haroun Hubbert,19
821,5/16/2023,Tan Saddington,Gorilla gorilla,9/24/2024,Garey Latore,16
822,6/6/2023,Lissy Jinkins,Delphinus delphis,4/7/2023,Tabitha Kimberly,18
823,6/17/2023,Marcille Friberg,Lorythaixoides concolor,12/27/2024,Wendie Courtman,19
824,3/4/2023,Hephzibah Soden,Tyto novaehollandiae,,Sue Colisbe,17
825,2/21/2023,Cassie Auckland,Loxodonta africana,6/14/2020,Joyous Spaughton,15
826,3/8/2020,Angelica Moodie,Corvus brachyrhynchos,3/22/2020,Annora Channon,13
827,4/17/2020,Farrah Bingle,Felis concolor,8/12/2023,Ilene Lavens,13
828,11/18/2022,Philis Bownde,Cervus unicolor,6/8/2023,Tania Oughtright,19
829,5/2/2023,Erinn Abbison,Lorythaixoides concolor,,Arlen Boules,7
830,4/27/2023,Tandy Prue,Spermophilus lateralis,2/17/2022,Estevan Lamswood,17
831,1/12/2021,Biron Wythill,Procyon lotor,3/30/2024,Pamela Berling,7
832,6/3/2022,Megan Packman,Tachyglossus aculeatus,12/10/2024,Isaac Seer,12
833,4/11/2022,Dwain Grafton-Herbert,Terrapene carolina,11/24/2021,Ruthe Muckian,15
834,12/13/2020,Kearney Sweeting,Oxybelis sp.,8/13/2024,Stacee Belchamp,20
835,4/6/2021,Shurwood Diego,Cordylus giganteus,,Delainey Oslar,6
836,6/6/2021,Alisa Krzysztof,Trichoglossus chlorolepidotus,10/14/2024,Thomasina Dybbe,10
837,3/31/2022,Jeth Dewdeny,Ploceus rubiginosus,6/5/2020,Ninnette Ledson,16
838,4/10/2022,Brannon Insull,Choloepus hoffmani,10/3/2022,Dasha Hartup,18
839,12/27/2020,Suzanne Lapenna,Acrantophis madagascariensis,12/22/2022,Pippo Northen,12
840,6/17/2021,Denys Snalham,Chauna torquata,10/3/2022,Netti Alebrooke,5
841,6/10/2022,Reinold Siegertsz,Erinaceus frontalis,3/17/2022,Ferne Lea,13
842,10/29/2023,Madge Adne,Merops nubicus,2/14/2024,Dave Gloyens,8
843,7/2/2020,Steven Drinkall,Columba palumbus,3/14/2021,Ferguson Morsom,16
844,1/14/2022,Kelwin Ducker,Elephas maximus bengalensis,7/13/2024,Guglielma Greenhough,12
845,11/29/2020,Vidovic Nosworthy,Xerus sp.,6/8/2022,Vanda Arrighetti,5
846,5/23/2022,Nani Joney,Dusicyon thous,6/9/2020,Irma Sinnott,12
847,12/7/2021,Mannie Simms,Nyctea scandiaca,,Olympie Murton,14
848,2/9/2021,Valentijn Bradder,Naja sp.,5/10/2021,Maxie McIlory,16
849,6/20/2020,Kittie Crimp,Phalaropus lobatus,12/8/2022,Gertrude Bonsale,9
850,9/29/2022,Ora Noods,Semnopithecus entellus,11/9/2022,Adda Bente,16
851,6/6/2020,Bab Beaushaw,Procyon lotor,,Valaria La Wille,12
852,5/25/2021,Edouard Lockney,Picoides pubescens,1/24/2021,Dido Nimmo,11
853,3/19/2020,Bentley Beyne,Cebus nigrivittatus,3/4/2025,Mil Kenwin,20
854,9/2/2023,Giulia Dewar,Merops bullockoides,11/2/2024,Cathee Hughland,11
855,10/22/2020,Muffin Sanbroke,Manouria emys,,Waneta Godlonton,17
856,7/25/2023,Jayme Seegar,Laniaurius atrococcineus,3/3/2023,Correy Wyrall,6
857,10/18/2020,Dorothy Jolly,Connochaetus taurinus,10/23/2020,Sterling Moodie,20
858,4/30/2023,Hyman Hallett,Galictis vittata,2/18/2023,David Kleinsinger,10
859,10/10/2021,Rex Burrus,Cathartes aura,4/5/2021,Nedda Ever,14
860,6/11/2020,Nessi Reolfi,Paraxerus cepapi,,Farly McCurtain,16
861,1/16/2023,Lavina Swyer-Sexey,Varanus sp.,11/19/2021,Trixie Bollen,19
862,4/26/2023,Winni Everton,Agelaius phoeniceus,9/27/2020,Delaney Adamolli,9
863,1/6/2022,Gelya Howick,Butorides striatus,6/15/2020,Bettina Suddick,11
864,6/18/2023,Betsey Jordine,Canis lupus baileyi,5/26/2021,Lindy Scammell,8
865,2/18/2021,Jarib Mertel,Macropus rufogriseus,4/1/2022,Laurens Lamke,5
866,5/24/2021,Lorettalorna Blader,Cyrtodactylus louisiadensis,5/15/2020,Derward Schwier,13
867,9/14/2020,Frederique Venes,unavailable,1/6/2024,Raeann Buret,16
868,1/1/2022,Kaleena Robelet,Sus scrofa,,Kylynn Moules,5
869,8/29/2023,Gerrilee Bogies,Mycteria ibis,3/16/2022,Trumann Insworth,11
870,7/9/2022,Dave Dingle,Lemur catta,1/21/2022,Lawton Abrahmer,7
871,5/4/2020,Gilbert Kosel,Tyto novaehollandiae,,Abdel Sitwell,17
872,6/10/2023,Concettina Crocker,Didelphis virginiana,,Gayler O' Bee,6
873,7/31/2023,Ailbert Harriday,Ctenophorus ornatus,,Karim Shilleto,17
874,8/1/2020,Hamish Batiste,Bucorvus leadbeateri,,Murray Bogie,7
875,7/29/2021,Langsdon Cowgill,Chlamydosaurus kingii,10/20/2020,Berky Mellings,11
876,4/3/2020,Nerita Slade,Semnopithecus entellus,1/12/2025,Abner Kenaway,18
877,7/22/2021,Sal Moxson,Coluber constrictor,2/7/2023,Deeyn Credland,19
878,3/17/2021,Aldo Burger,Halcyon smyrnesis,1/31/2024,Davide Digan,5
879,9/13/2020,Chickie Hinrichs,Butorides striatus,4/12/2022,Demetris Leverett,6
880,10/6/2020,Leontyne Baldoni,Cordylus giganteus,3/19/2024,Lark McIlvaney,7
881,4/6/2022,Claire Kissell,Acrobates pygmaeus,7/31/2022,Alair Richen,17
882,7/29/2022,Irvin Verny,Oryx gazella callotis,4/6/2021,Laraine Giocannoni,18
883,1/28/2022,Brittney Kobpa,Geococcyx californianus,6/16/2020,Tonya McConville,11
884,10/14/2023,Bobby O'Leagham,Tayassu pecari,1/23/2025,Marylynne Priddis,9
885,9/13/2021,Ruthanne Bools,Vicugna vicugna,,Briney Firth,16
886,10/12/2021,Silvan Gethyn,Spermophilus tridecemlineatus,3/5/2022,Almira Kington,8
887,6/24/2022,Ailee Kesey,Epicrates cenchria maurus,4/12/2020,Carmelita Beves,14
888,6/4/2022,Adrian Bellham,Cynictis penicillata,,Frederic Catterill,15
889,9/23/2020,Haydon Kennifeck,Macropus agilis,,Carl Hof,20
890,4/2/2020,Nicolais Ticksall,Sula dactylatra,9/18/2020,Thebault Hallstone,14
891,2/22/2023,Karlene Basnett,Ara chloroptera,3/8/2024,Mel Daintrey,17
892,9/25/2022,Matthew Hayley,Lasiodora parahybana,11/3/2020,Dyanna Denyukin,16
893,4/17/2023,Brew Dartan,Platalea leucordia,4/25/2024,Cathrin Wilfinger,20
894,10/2/2023,Liane Cordie,Phalaropus lobatus,12/11/2023,Myrlene Giddens,14
895,12/26/2021,Tris Patzelt,Cathartes aura,6/5/2022,Sheila Baude,18
896,8/31/2020,Martita Moffat,Macaca radiata,4/27/2020,Lyman Waldock,10
897,4/1/2022,Dee dee Leek,Corvus albicollis,,Bruce Broune,6
898,4/22/2021,Allianora Dax,Branta canadensis,12/13/2024,Selia Kennady,6
899,9/8/2022,Valera Mennell,Spizaetus coronatus,3/27/2021,Ondrea Szymon,5
900,8/8/2022,Baryram Poulglais,Aonyx cinerea,1/24/2025,Merv Mewett,13
901,12/11/2023,Herbie Reame,Sylvicapra grimma,9/18/2024,Debi Godfray,8
902,3/31/2021,Currie Pratty,Chauna torquata,5/4/2021,Rosalynd Dymocke,20
903,11/15/2023,Kimberlee Barnett,Larus fuliginosus,,Arabela Paolino,18
904,11/24/2023,Gabriele Cawt,Felis silvestris lybica,8/1/2021,Basia Izak,16
905,4/8/2021,Amble Mildenhall,Platalea leucordia,11/28/2020,Stephani Usherwood,11
906,6/26/2021,Diena Youd,Kobus defassa,7/11/2022,Stanfield Gowar,14
907,4/13/2020,Lazar Sandbatch,Phaethon aethereus,10/20/2020,Maurits Weson,13
908,3/2/2021,Micki Novkovic,unavailable,3/31/2023,Iago Yashaev,5
909,8/10/2021,Floris Drewitt,Bison bison,10/5/2024,Louella Holby,8
910,11/17/2023,Gregorio MacIntyre,unavailable,7/13/2023,William Barclay,13
911,4/7/2022,Ertha Leaburn,Varanus sp.,3/22/2023,Wandie Cowgill,19
912,9/20/2021,Silvie Edmons,Gekko gecko,3/17/2021,Christophorus Nelane,6
913,2/1/2024,Annnora Matschoss,Lamprotornis superbus,,Mathias Zanazzi,16
914,5/3/2021,Tamra Palombi,Philetairus socius,10/26/2023,Hillel Hedditch,18
915,12/12/2020,Seward Fairclough,Geochelone elegans,,Kacy Heeron,8
916,12/24/2022,Hugo Giorio,Pelecans onocratalus,2/22/2025,Calypso Baiden,6
917,12/31/2020,Sibilla Gilliver,Francolinus swainsonii,,Cordi Bolzmann,12
918,5/18/2023,Kaia Kynson,Zonotrichia capensis,7/22/2020,Kameko Duprey,11
919,4/5/2021,Kellsie Sherer,Neotis denhami,3/11/2024,Robers Wason,19
920,12/17/2023,Grove Elphee,Macropus agilis,,Wilbur Klawi,12
921,6/25/2023,Herbie Garrique,Hymenolaimus malacorhynchus,5/12/2021,Ammamaria Pietsma,11
922,9/24/2021,Courtney Sillars,Zosterops pallidus,11/10/2020,Rabbi Stoite,16
923,7/2/2021,Wally Amys,unavailable,6/8/2024,Randolph Lebourn,12
924,11/27/2022,Elias Durning,Connochaetus taurinus,2/21/2021,Tasha Woolbrook,8
925,1/16/2021,Clark Bickerstaffe,Ceryle rudis,,Lonni Newling,6
926,11/26/2023,Fancy Ardron,Hyaena brunnea,10/14/2021,Reggis Eastment,14
927,1/17/2021,Brear Hundy,Upupa epops,5/3/2021,Quinlan Clash,11
928,11/8/2021,Kile Cecere,Antidorcas marsupialis,8/30/2022,Bette Stivani,15
929,1/18/2021,Blayne Criple,Corvus brachyrhynchos,,Yoshiko Todman,16
930,11/24/2021,Kim Sworder,Porphyrio porphyrio,7/4/2022,Delainey Horbart,11
931,12/19/2023,Krysta Glaister,Streptopelia senegalensis,11/6/2021,Eugenia Iscowitz,11
932,1/3/2024,Miguel Chezelle,Ardea golieth,5/13/2024,Isak Handscombe,16
933,4/9/2023,Carlyle Ead,Marmota caligata,4/13/2023,Mayer Vallintine,13
934,5/21/2022,Cullie Mougenel,Spilogale gracilis,8/6/2024,Florry Yitzhak,7
935,4/27/2022,Elmer Assandri,Zalophus californicus,,Merilyn Tatem,18
936,6/2/2023,Loria Elmhirst,Uraeginthus granatina,,Windham Twiddy,20
937,3/9/2022,Demetre Bambery,Aegypius occipitalis,9/28/2024,Freemon Trawin,5
938,5/29/2020,Wilhelmina Vanyukov,Felis concolor,12/31/2020,Lynnelle Guise,14
939,12/25/2021,Thedrick Mugglestone,Tragelaphus strepsiceros,1/23/2024,Christin Brownsword,11
940,3/14/2020,Quill Kynder,Anthropoides paradisea,6/19/2022,Gisela Mebius,19
941,8/19/2023,Hayes Thuillier,Milvus migrans,,Tristan Galgey,12
942,10/15/2022,Erastus Fullwood,Pteronura brasiliensis,8/4/2020,Esme Rumin,6
943,3/4/2023,Brinna Cadman,Lorythaixoides concolor,5/14/2020,Darryl Evershed,19
944,1/3/2023,Randell Hornbuckle,Felis caracal,,Bobbye Pichmann,15
945,5/8/2022,Matias Keady,Tachybaptus ruficollis,12/12/2020,Elbert Ferron,19
946,2/23/2021,Elianora Isakowicz,Eubalaena australis,4/11/2020,Dalia Backshaw,7
947,5/22/2020,Janella Giacomozzo,Cervus elaphus,1/27/2022,Elie Macrow,9
948,9/12/2020,Urban Guerrier,Ctenophorus ornatus,12/15/2021,Maddie Atty,13
949,4/1/2020,Farrel Durtnal,Macropus rufus,3/23/2020,Felix Ditchett,9
950,4/28/2023,Cobb Floch,Trachyphonus vaillantii,12/5/2020,Elonore Kohnert,9
951,3/25/2023,Derron Littlefield,Acrantophis madagascariensis,,Case Lysaght,9
952,2/12/2022,Robin Tzar,Ratufa indica,11/16/2022,Kean Giovannilli,7
953,11/2/2021,Fayth Forker,Felis concolor,1/18/2023,Timmi Annetts,6
954,8/26/2021,Demetri Ziebart,Bubalus arnee,4/8/2023,Hamish Burdon,7
955,7/7/2022,Maynard Rochester,unavailable,,Adriano Lamba,12
956,7/2/2022,Maribeth Dowderswell,Meles meles,,Lem Bottini,10
957,2/8/2023,Janine Streetfield,Bucorvus leadbeateri,4/18/2024,Milissent Alison,12
958,12/8/2023,Hershel Dwerryhouse,Mephitis mephitis,7/30/2024,Debbi Littrell,8
959,2/11/2022,Bevan Patek,Naja haje,12/21/2021,Ellwood Densell,12
960,12/19/2021,Maje Giacobelli,Paroaria gularis,,Mellie Listone,15
961,12/1/2021,Garrick Barks,Varanus sp.,3/22/2021,Northrup Croad,17
962,4/8/2021,Goldarina Gilyott,Zenaida galapagoensis,,Nicky Gurnay,19
963,10/30/2021,Merell Krysiak,Vulpes chama,2/23/2023,Perrine Flew,17
964,1/17/2023,Jaine Birtonshaw,Anathana ellioti,,Heddie Hugonin,8
965,5/14/2023,Xever Agott,Cervus canadensis,7/3/2020,Richart Butlin,13
966,7/2/2021,Erastus Wanka,unavailable,,Lawton Pinks,17
967,9/7/2021,Ethelyn Lunbech,Procyon cancrivorus,8/29/2021,Jamil Elphee,12
968,6/17/2021,Jourdain McKall,Deroptyus accipitrinus,9/20/2022,Weber Geikie,14
969,5/17/2020,Tanitansy Ladloe,Laniaurius atrococcineus,12/3/2021,Susann Walters,15
970,5/10/2022,Fianna Jessett,Phalacrocorax carbo,8/15/2022,Demetris MacEnelly,19
971,3/29/2023,Celestyna Hagger,Geochelone radiata,9/7/2021,Blondell Emm,6
972,11/11/2020,Rodina Archambault,Plegadis ridgwayi,4/8/2022,Herby Dufall,16
973,5/12/2022,Jonathan Rayner,Hystrix cristata,1/13/2025,Jonie Monckton,5
974,2/20/2021,Britte Waadenburg,Colobus guerza,,Quinn Killock,16
975,3/11/2022,Jeremiah Kloska,Platalea leucordia,6/16/2020,Cornell Skidmore,18
976,12/28/2022,Selena Paoletto,Phalacrocorax niger,1/28/2023,Syd Antley,13
977,4/22/2023,Hilario Curragh,unavailable,1/8/2023,Rossy Favelle,10
978,1/22/2022,Julissa Haskins,Lutra canadensis,2/18/2021,Kassi Coke,9
979,8/6/2023,Robbyn de Keyser,Halcyon smyrnesis,12/24/2024,Willa Isgar,8
980,9/3/2020,Ulrica Dymick,Potos flavus,2/3/2024,Zedekiah Morstatt,14
981,6/9/2022,Aimil Kobelt,Cereopsis novaehollandiae,3/4/2024,Andreana Ratcliff,11
982,3/5/2021,Gunar Toppas,Varanus sp.,5/5/2021,Alvis Mepsted,9
983,6/26/2022,Ephrayim Kildahl,Papio ursinus,12/6/2024,Rikki Damrell,19
984,5/22/2022,Sella Cypler,Sterna paradisaea,4/30/2021,Herculie Sumpton,18
985,6/3/2020,Kipp Zamudio,Heloderma horridum,11/15/2023,Jarib Inston,6
986,7/13/2021,Webster Liversley,Corallus hortulanus cooki,5/16/2020,Farrel Coultass,17
987,1/17/2021,Elsey Elfe,Centrocercus urophasianus,11/4/2024,Curtice Eberts,8
988,8/17/2022,Carolyn Ingamells,Manouria emys,,Olvan Heaker,20
989,5/10/2021,Sofie Petrasek,Agkistrodon piscivorus,8/16/2023,Sam Taffurelli,8
990,8/31/2022,Colan Straneo,Rhea americana,9/7/2021,Atlanta Wiggam,13
991,6/5/2022,Murial Colmer,unavailable,3/3/2024,Gordan Tarquini,14
992,9/28/2021,Abagael Scuffham,Vombatus ursinus,2/1/2022,Marlena Paul,12
993,2/6/2023,Carroll Gooderham,Spermophilus armatus,3/17/2023,Suki Braams,19
994,7/1/2020,Bethanne Ableson,Actophilornis africanus,5/11/2020,Kermy Accombe,14
995,6/20/2021,Selia Franzettoini,Paraxerus cepapi,4/26/2020,Mehetabel Stendell,13
996,4/19/2022,Staford Gabbitus,Vulpes vulpes,11/12/2022,Violet Northcote,11
997,1/19/2024,Letty Bellson,Macropus rufogriseus,6/10/2022,Egon Bonnier,12
998,12/9/2022,Alonso Chettle,Calyptorhynchus magnificus,7/10/2022,Falkner Delgua,12
999,5/28/2023,Wynne Woolens,Crotalus triseriatus,3/31/2022,Cornie Behnen,18
1000,2/26/2022,Joane Inwood,Trachyphonus vaillantii,11/4/2024,Shaine Ghiraldi,10
